-- MySQL dump 10.13  Distrib 8.0.40, for Win64 (x86_64)
--
-- Host: localhost    Database: career_gyan
-- ------------------------------------------------------
-- Server version	5.5.5-10.4.32-MariaDB

/*!40101 SET @OLD_CHARACTER_SET_CLIENT=@@CHARACTER_SET_CLIENT */;
/*!40101 SET @OLD_CHARACTER_SET_RESULTS=@@CHARACTER_SET_RESULTS */;
/*!40101 SET @OLD_COLLATION_CONNECTION=@@COLLATION_CONNECTION */;
/*!50503 SET NAMES utf8mb4 */;
/*!40103 SET @OLD_TIME_ZONE=@@TIME_ZONE */;
/*!40103 SET TIME_ZONE='+00:00' */;
/*!40014 SET @OLD_UNIQUE_CHECKS=@@UNIQUE_CHECKS, UNIQUE_CHECKS=0 */;
/*!40014 SET @OLD_FOREIGN_KEY_CHECKS=@@FOREIGN_KEY_CHECKS, FOREIGN_KEY_CHECKS=0 */;
/*!40101 SET @OLD_SQL_MODE=@@SQL_MODE, SQL_MODE='NO_AUTO_VALUE_ON_ZERO' */;
/*!40111 SET @OLD_SQL_NOTES=@@SQL_NOTES, SQL_NOTES=0 */;

--
-- Table structure for table `business_ideas`
--

DROP TABLE IF EXISTS `business_ideas`;
/*!40101 SET @saved_cs_client     = @@character_set_client */;
/*!50503 SET character_set_client = utf8mb4 */;
CREATE TABLE `business_ideas` (
  `id` bigint(20) unsigned NOT NULL AUTO_INCREMENT,
  `name` varchar(255) NOT NULL,
  `slug` varchar(255) NOT NULL,
  `field_id` bigint(20) unsigned NOT NULL,
  `description` text NOT NULL,
  `investment` varchar(255) NOT NULL,
  `profit_margin` varchar(255) NOT NULL,
  `risk_level` enum('Low','Medium','High') NOT NULL DEFAULT 'Low',
  `start_time` varchar(255) NOT NULL DEFAULT '2-4 Weeks',
  `created_at` timestamp NULL DEFAULT NULL,
  `updated_at` timestamp NULL DEFAULT NULL,
  PRIMARY KEY (`id`),
  UNIQUE KEY `business_ideas_slug_unique` (`slug`),
  KEY `business_ideas_field_id_foreign` (`field_id`),
  CONSTRAINT `business_ideas_field_id_foreign` FOREIGN KEY (`field_id`) REFERENCES `fields` (`id`) ON DELETE CASCADE
) ENGINE=InnoDB AUTO_INCREMENT=9 DEFAULT CHARSET=utf8mb4 COLLATE=utf8mb4_unicode_ci;
/*!40101 SET character_set_client = @saved_cs_client */;

--
-- Dumping data for table `business_ideas`
--

LOCK TABLES `business_ideas` WRITE;
/*!40000 ALTER TABLE `business_ideas` DISABLE KEYS */;
INSERT INTO `business_ideas` VALUES (1,'Homemade Cloud Kitchen','homemade-cloud-kitchen',10,'Start a food delivery business from your own home kitchen using Zomato/Swiggy.','₹20K - 50K','20-40%','Low','2-4 Weeks','2026-04-27 13:18:05','2026-04-27 13:18:05'),(2,'Stall / Food Truck','stall-food-truck',10,'Sell specialized snacks (Momo, Burgers, Chai) in high-traffic areas.','₹1L - 3L','30-50%','Medium','2-4 Weeks','2026-04-27 13:18:05','2026-04-27 13:18:05'),(3,'E-Commerce Reselling','e-commerce-reselling',10,'Sell products via Instagram or WhatsApp Business by sourcing from wholesalers.','₹5K - 20K','15-30%','Low','2-4 Weeks','2026-04-27 13:18:05','2026-04-27 13:18:05'),(4,'Content Creation Studio','content-creation-studio',10,'Offer video editing or social media management services to local brands.','₹50K - 1L','High','Low','2-4 Weeks','2026-04-27 13:18:05','2026-04-27 13:18:05'),(5,'Custom Embroidery/Tailoring','custom-embroiderytailoring',10,'Offer personalized boutique services or alterations from an at-home studio.','₹10K - 30K','40-60%','Low','2-4 Weeks','2026-04-27 13:18:05','2026-04-27 13:18:05'),(6,'Print-on-Demand Store','print-on-demand-store',10,'Design custom t-shirts or hoodies and sell them via your own online brand.','₹15K - 40K','20-30%','Low','2-4 Weeks','2026-04-27 13:18:05','2026-04-27 13:18:05'),(7,'Tutoring Center','tutoring-center',10,'Start teaching school subjects or specialized skills like coding from home.','₹5K - 15K','High','Low','2-4 Weeks','2026-04-27 13:18:05','2026-04-27 13:18:05'),(8,'Event Planning','event-planning',10,'Manage birthdays, small weddings, or corporate meetups in your city.','₹20K - 50K','25-40%','Medium','2-4 Weeks','2026-04-27 13:18:05','2026-04-27 13:18:05');
/*!40000 ALTER TABLE `business_ideas` ENABLE KEYS */;
UNLOCK TABLES;

--
-- Table structure for table `cache`
--

DROP TABLE IF EXISTS `cache`;
/*!40101 SET @saved_cs_client     = @@character_set_client */;
/*!50503 SET character_set_client = utf8mb4 */;
CREATE TABLE `cache` (
  `key` varchar(255) NOT NULL,
  `value` mediumtext NOT NULL,
  `expiration` int(11) NOT NULL,
  PRIMARY KEY (`key`),
  KEY `cache_expiration_index` (`expiration`)
) ENGINE=InnoDB DEFAULT CHARSET=utf8mb4 COLLATE=utf8mb4_unicode_ci;
/*!40101 SET character_set_client = @saved_cs_client */;

--
-- Dumping data for table `cache`
--

LOCK TABLES `cache` WRITE;
/*!40000 ALTER TABLE `cache` DISABLE KEYS */;
/*!40000 ALTER TABLE `cache` ENABLE KEYS */;
UNLOCK TABLES;

--
-- Table structure for table `cache_locks`
--

DROP TABLE IF EXISTS `cache_locks`;
/*!40101 SET @saved_cs_client     = @@character_set_client */;
/*!50503 SET character_set_client = utf8mb4 */;
CREATE TABLE `cache_locks` (
  `key` varchar(255) NOT NULL,
  `owner` varchar(255) NOT NULL,
  `expiration` int(11) NOT NULL,
  PRIMARY KEY (`key`),
  KEY `cache_locks_expiration_index` (`expiration`)
) ENGINE=InnoDB DEFAULT CHARSET=utf8mb4 COLLATE=utf8mb4_unicode_ci;
/*!40101 SET character_set_client = @saved_cs_client */;

--
-- Dumping data for table `cache_locks`
--

LOCK TABLES `cache_locks` WRITE;
/*!40000 ALTER TABLE `cache_locks` DISABLE KEYS */;
/*!40000 ALTER TABLE `cache_locks` ENABLE KEYS */;
UNLOCK TABLES;

--
-- Table structure for table `career_subjects`
--

DROP TABLE IF EXISTS `career_subjects`;
/*!40101 SET @saved_cs_client     = @@character_set_client */;
/*!50503 SET character_set_client = utf8mb4 */;
CREATE TABLE `career_subjects` (
  `id` bigint(20) unsigned NOT NULL AUTO_INCREMENT,
  `career_id` bigint(20) unsigned NOT NULL,
  `subject_id` bigint(20) unsigned NOT NULL,
  PRIMARY KEY (`id`),
  UNIQUE KEY `career_subjects_career_id_subject_id_unique` (`career_id`,`subject_id`),
  KEY `career_subjects_subject_id_foreign` (`subject_id`),
  CONSTRAINT `career_subjects_career_id_foreign` FOREIGN KEY (`career_id`) REFERENCES `careers` (`id`) ON DELETE CASCADE,
  CONSTRAINT `career_subjects_subject_id_foreign` FOREIGN KEY (`subject_id`) REFERENCES `subjects` (`id`) ON DELETE CASCADE
) ENGINE=InnoDB AUTO_INCREMENT=61 DEFAULT CHARSET=utf8mb4 COLLATE=utf8mb4_unicode_ci;
/*!40101 SET character_set_client = @saved_cs_client */;

--
-- Dumping data for table `career_subjects`
--

LOCK TABLES `career_subjects` WRITE;
/*!40000 ALTER TABLE `career_subjects` DISABLE KEYS */;
INSERT INTO `career_subjects` VALUES (1,1,1),(2,1,2),(3,1,5),(4,1,30),(5,2,1),(6,2,2),(7,2,3),(8,2,23),(9,3,1),(10,3,2),(11,3,5),(12,3,21),(13,4,2),(14,4,3),(15,4,4),(16,4,26),(17,5,2),(18,5,3),(19,5,4),(20,6,3),(21,6,4),(22,6,6),(23,6,15),(24,7,1),(25,7,10),(26,7,11),(27,7,12),(28,8,1),(29,8,6),(30,8,10),(31,8,11),(32,9,1),(33,9,2),(34,9,3),(35,9,4),(36,9,20),(37,10,5),(38,10,6),(39,10,16),(40,10,23),(41,11,6),(42,11,7),(43,11,8),(44,11,13),(45,11,29),(46,12,1),(47,12,6),(48,12,10),(49,12,12),(50,12,28),(51,13,3),(52,13,4),(53,13,18),(54,13,20),(55,14,1),(56,14,2),(57,14,22),(58,15,4),(59,15,17),(60,15,25);
/*!40000 ALTER TABLE `career_subjects` ENABLE KEYS */;
UNLOCK TABLES;

--
-- Table structure for table `careers`
--

DROP TABLE IF EXISTS `careers`;
/*!40101 SET @saved_cs_client     = @@character_set_client */;
/*!50503 SET character_set_client = utf8mb4 */;
CREATE TABLE `careers` (
  `id` bigint(20) unsigned NOT NULL AUTO_INCREMENT,
  `name` varchar(255) NOT NULL,
  `slug` varchar(255) NOT NULL,
  `field_id` bigint(20) unsigned NOT NULL,
  `description` text NOT NULL,
  `qualification` varchar(255) NOT NULL,
  `stream` varchar(255) DEFAULT NULL,
  `salary_range` varchar(255) NOT NULL,
  `demand_level` enum('Very High','High','Moderate','Growing','Stable') NOT NULL DEFAULT 'High',
  `roadmap` longtext CHARACTER SET utf8mb4 COLLATE utf8mb4_bin NOT NULL CHECK (json_valid(`roadmap`)),
  `icon` varchar(255) NOT NULL DEFAULT 'fa-briefcase',
  `created_at` timestamp NULL DEFAULT NULL,
  `updated_at` timestamp NULL DEFAULT NULL,
  `estimated_budget` int(11) DEFAULT NULL,
  `required_aptitudes` longtext CHARACTER SET utf8mb4 COLLATE utf8mb4_bin DEFAULT NULL CHECK (json_valid(`required_aptitudes`)),
  `interests_tags` longtext CHARACTER SET utf8mb4 COLLATE utf8mb4_bin DEFAULT NULL CHECK (json_valid(`interests_tags`)),
  PRIMARY KEY (`id`),
  UNIQUE KEY `careers_slug_unique` (`slug`),
  KEY `careers_field_id_foreign` (`field_id`),
  CONSTRAINT `careers_field_id_foreign` FOREIGN KEY (`field_id`) REFERENCES `fields` (`id`) ON DELETE CASCADE
) ENGINE=InnoDB AUTO_INCREMENT=16 DEFAULT CHARSET=utf8mb4 COLLATE=utf8mb4_unicode_ci;
/*!40101 SET character_set_client = @saved_cs_client */;

--
-- Dumping data for table `careers`
--

LOCK TABLES `careers` WRITE;
/*!40000 ALTER TABLE `careers` DISABLE KEYS */;
INSERT INTO `careers` VALUES (1,'Software Engineer','software-engineer',4,'Design, develop and maintain software systems for companies across all industries. One of India\'s fastest-growing and highest-paying professions.','B.Tech / BCA / B.Sc CS','Science / PCM','₹4L – ₹40L per annum','Very High','[\"10th \\u2013 Focus on Mathematics & Science\",\"12th \\u2013 Science stream (PCM)\",\"JEE \\/ State CET entrance exam\",\"B.Tech \\/ B.Sc (CS \\/ IT) \\u2013 4 years\",\"Internships & open-source projects\",\"Entry-level Software Engineer\",\"Specialise: Full Stack, AI\\/ML, DevOps, Cloud\"]','fa-code','2026-04-27 13:18:04','2026-04-27 13:18:04',NULL,NULL,NULL),(2,'Civil Engineer','civil-engineer',4,'Plan, design and oversee construction of infrastructure — roads, bridges, buildings and urban systems across India.','B.Tech (Civil)','Science / PCM','₹3.5L – ₹20L per annum','High','[\"10th \\u2013 Strong Maths & Science base\",\"12th \\u2013 Science (PCM)\",\"JEE Main \\/ State CET\",\"B.Tech Civil Engineering \\u2013 4 years\",\"GATE for PSU or M.Tech\",\"Junior Engineer \\/ Assistant Engineer roles\",\"Senior Civil Engineer \\/ Project Manager\"]','fa-helmet-safety','2026-04-27 13:18:04','2026-04-27 13:18:04',NULL,NULL,NULL),(3,'Data Scientist','data-scientist',4,'Analyse large datasets using statistics and machine learning to help businesses make data-driven decisions.','B.Tech / B.Sc Statistics or CS + Masters','Science / PCM','₹6L – ₹50L per annum','Very High','[\"12th \\u2013 Science (PCM)\",\"B.Tech CS \\/ B.Sc Statistics or Mathematics\",\"Learn Python, R, Machine Learning\",\"M.Tech \\/ M.Sc Data Science (optional)\",\"Kaggle competitions & portfolio projects\",\"Data Analyst \\u2192 Data Scientist \\u2192 ML Engineer\"]','fa-database','2026-04-27 13:18:04','2026-04-27 13:18:04',NULL,NULL,NULL),(4,'Doctor (MBBS)','doctor-mbbs',5,'Diagnose and treat patients as a medical doctor. A respected, highly rewarding profession requiring dedication, empathy, and rigorous study.','MBBS (via NEET UG)','Science / PCB','₹8L – ₹60L per annum','Very High','[\"10th \\u2013 Focus on Science & Biology\",\"12th \\u2013 Science (PCB) with 50%+ marks\",\"NEET UG Entrance Exam\",\"MBBS \\u2013 5.5 years (including internship)\",\"Medical Council Registration\",\"MD \\/ MS Specialisation (optional) \\u2013 3 years\",\"Practice or join hospital \\/ clinic\"]','fa-user-doctor','2026-04-27 13:18:04','2026-04-27 13:18:04',NULL,NULL,NULL),(5,'Pharmacist','pharmacist',5,'Prepare, dispense and advise on medicines. Pharmacists work in hospitals, retail, and pharmaceutical companies across India.','12th Science + B.Pharm','Science / PCB','₹3.5L – ₹15L per annum','High','[\"12th \\u2013 Science (PCB or PCM)\",\"B.Pharm \\u2013 4 years\",\"Pharmacy Council Registration\",\"M.Pharm for specialisation\",\"Hospital \\/ Retail \\/ Pharma company roles\"]','fa-pills','2026-04-27 13:18:04','2026-04-27 13:18:04',NULL,NULL,NULL),(6,'Nurse','nurse',5,'Provide patient care, administer medications, and assist doctors. A noble and in-demand healthcare profession.','B.Sc Nursing','Science / PCB','₹3L – ₹12L per annum','Very High','[\"12th \\u2013 Science (PCB)\",\"B.Sc Nursing \\u2013 4 years OR GNM \\u2013 3 years\",\"Internship in hospital\",\"State Nursing Registration\",\"Specialise in ICU, Paediatrics, or Community Health\"]','fa-user-nurse','2026-04-27 13:18:04','2026-04-27 13:18:04',NULL,NULL,NULL),(7,'Chartered Accountant (CA)','chartered-accountant',2,'Manage financial audits, taxation and accounts for businesses and individuals. CA is one of India\'s most prestigious commerce careers.','12th Commerce + CA Foundation','Commerce','₹7L – ₹50L per annum','High','[\"12th \\u2013 Commerce (Accountancy as mandatory)\",\"CA Foundation (after 12th) or Direct Entry after Graduation\",\"CA Intermediate (IPCC) \\u2013 2 groups\",\"3-year Articleship (practical training)\",\"CA Final Exam\",\"ICAI membership \\u2013 Become a Chartered Accountant\",\"Practice \\/ Big-4 \\/ Internal Finance roles\"]','fa-file-invoice-dollar','2026-04-27 13:18:04','2026-04-27 13:18:04',NULL,NULL,NULL),(8,'Bank PO / Banker','bank-po',2,'Work as a Probationary Officer or clerk in public/private sector banks. One of the most sought-after government jobs in India.','Any Graduation + IBPS/SBI Exam','Commerce / Any','₹5L – ₹18L per annum','High','[\"12th \\u2013 Commerce (preferred)\",\"Any Bachelor\'s Degree\",\"IBPS PO \\/ SBI PO \\/ RBI Grade-B Exam\",\"Prelims \\u2192 Mains \\u2192 Interview\",\"Join as Probationary Officer\",\"Confirmed as Scale-I Officer after training\"]','fa-building-columns','2026-04-27 13:18:04','2026-04-27 13:18:04',NULL,NULL,NULL),(9,'Research Scientist','research-scientist',3,'Conduct experiments and research in labs across ISRO, DRDO, CSIR and universities to drive scientific discovery.','M.Sc / M.Tech + PhD','Science','₹5L – ₹25L per annum','Moderate','[\"12th \\u2013 Science (PCM or PCB)\",\"B.Sc in relevant field\",\"M.Sc \\/ M.Tech (2 years)\",\"CSIR-NET \\/ GATE \\/ JRF fellowship\",\"PhD Research \\u2013 4 to 5 years\",\"Post-doctoral research or Scientist role in ISRO\\/DRDO\\/CSIR\"]','fa-atom','2026-04-27 13:18:04','2026-04-27 13:18:04',NULL,NULL,NULL),(10,'Graphic Designer','graphic-designer',1,'Create visual content for brands, media and digital platforms. A thriving freelance and corporate career in India\'s booming creative economy.','12th + BDes / Diploma','Arts / Any','₹3L – ₹18L per annum','Growing','[\"12th \\u2013 Any stream\",\"BDes \\/ B.Sc Visual Communication \\/ NIFT \\/ NID entrance\",\"Learn Adobe Suite, Figma, Canva\",\"Build portfolio via freelance projects\",\"Junior Designer \\u2192 Senior Designer \\u2192 Creative Lead\"]','fa-pen-nib','2026-04-27 13:18:04','2026-04-27 13:18:04',NULL,NULL,NULL),(11,'Journalist / Mass Media','journalist',1,'Report news, write articles and create multimedia content for print, digital and broadcast media across India.','BA / B.Sc Mass Media or Journalism','Arts / Any','₹2.5L – ₹15L per annum','Moderate','[\"12th \\u2013 Any stream (Arts preferred)\",\"BA Journalism \\/ BA Mass Media \\/ BMM\",\"Internship at newspaper \\/ TV channel\",\"Build bylines and portfolio\",\"Junior Reporter \\u2192 Senior Reporter \\u2192 Editor\"]','fa-newspaper','2026-04-27 13:18:04','2026-04-27 13:18:04',NULL,NULL,NULL),(12,'MBA / Management Graduate','mba',6,'Lead business operations, strategy and teams across corporate, consulting and entrepreneurship. MBA from IIMs opens top-tier opportunities.','Graduation + CAT/MAT/XAT','Any','₹8L – ₹80L per annum','Very High','[\"12th \\u2013 Any stream\",\"Bachelor\'s Degree (Any)\",\"2-3 years work experience (recommended)\",\"CAT \\/ XAT \\/ MAT \\/ GMAT entrance\",\"MBA \\u2013 2 years (IIM \\/ XLRI \\/ FMS etc.)\",\"Summer Internship placement\",\"Manager \\/ Consultant \\/ Entrepreneur roles\"]','fa-briefcase','2026-04-27 13:18:04','2026-04-27 13:18:04',NULL,NULL,NULL),(13,'Agricultural Officer','agricultural-officer',9,'Work with government departments and NGOs to improve agricultural practices, advise farmers and drive rural development in India.','B.Sc Agriculture','Science / Agriculture','₹3L – ₹12L per annum','Stable','[\"12th \\u2013 Science \\/ Agriculture stream\",\"B.Sc Agriculture \\u2013 4 years (via ICAR \\/ State exams)\",\"M.Sc Agriculture for specialisation\",\"ICAR-JRF \\/ State PSC Agriculture exams\",\"Agricultural Officer \\/ Field Officer\"]','fa-seedling','2026-04-27 13:18:04','2026-04-27 13:18:04',NULL,NULL,NULL),(14,'ITI Electrician','iti-electrician',7,'Skilled trade profession for wiring, electrical installations and maintenance in industrial / residential settings across India.','10th + ITI Electrician Trade','Any (after 10th)','₹2L – ₹8L per annum','High','[\"10th \\u2013 Pass with Science & Maths\",\"ITI Electrician Trade \\u2013 2 years\",\"NCVT Certificate\",\"Apprenticeship in industries\",\"Electrician \\/ Wireman in industries \\/ govt \\/ private\",\"Own electrical business\"]','fa-bolt','2026-04-27 13:18:04','2026-04-27 13:18:04',NULL,NULL,NULL),(15,'Professional Athlete','professional-athlete',8,'Represent India in national and international sports competitions. Requires rigorous training, dedication and talent from an early age.','Level-based sports certifications + physical tests','Any (Physical Education)','₹2L – ₹2Cr+ (highly variable)','Growing','[\"10th \\/ 12th \\u2013 Physical Education as subject\",\"District \\/ State level competitions\",\"Join Sports Authority of India (SAI) Centre\",\"National-level tournaments\",\"Trial for National teams \\/ IPL \\/ Pro Kabaddi\",\"Sponsorships & brand endorsements\"]','fa-trophy','2026-04-27 13:18:04','2026-04-27 13:18:04',NULL,NULL,NULL);
/*!40000 ALTER TABLE `careers` ENABLE KEYS */;
UNLOCK TABLES;

--
-- Table structure for table `colleges`
--

DROP TABLE IF EXISTS `colleges`;
/*!40101 SET @saved_cs_client     = @@character_set_client */;
/*!50503 SET character_set_client = utf8mb4 */;
CREATE TABLE `colleges` (
  `id` bigint(20) unsigned NOT NULL AUTO_INCREMENT,
  `name` varchar(255) NOT NULL,
  `field_id` bigint(20) unsigned NOT NULL,
  `location` varchar(255) NOT NULL,
  `state` varchar(255) NOT NULL,
  `fees_range` varchar(255) NOT NULL,
  `type` enum('Government','Private','Deemed','Central','Autonomous') NOT NULL,
  `website` varchar(255) DEFAULT NULL,
  `rank` int(11) DEFAULT NULL,
  `popular_branches` varchar(255) DEFAULT NULL,
  `cutoff` varchar(255) DEFAULT NULL,
  `placement_support` text DEFAULT NULL,
  `facilities` text DEFAULT NULL,
  `description` text DEFAULT NULL,
  `created_at` timestamp NULL DEFAULT NULL,
  `updated_at` timestamp NULL DEFAULT NULL,
  `affiliated_hospital` varchar(255) DEFAULT NULL,
  `seats` int(11) DEFAULT NULL,
  `clinical_exposure` text DEFAULT NULL,
  `tier` varchar(255) DEFAULT NULL,
  `duration` varchar(255) DEFAULT NULL,
  `internship_opportunities` text DEFAULT NULL,
  `specializations` text DEFAULT NULL,
  `average_package` varchar(255) DEFAULT NULL,
  `research_support` text DEFAULT NULL,
  PRIMARY KEY (`id`),
  KEY `colleges_field_id_foreign` (`field_id`),
  CONSTRAINT `colleges_field_id_foreign` FOREIGN KEY (`field_id`) REFERENCES `fields` (`id`) ON DELETE CASCADE
) ENGINE=InnoDB AUTO_INCREMENT=273 DEFAULT CHARSET=utf8mb4 COLLATE=utf8mb4_unicode_ci;
/*!40101 SET character_set_client = @saved_cs_client */;

--
-- Dumping data for table `colleges`
--

LOCK TABLES `colleges` WRITE;
/*!40000 ALTER TABLE `colleges` DISABLE KEYS */;
INSERT INTO `colleges` VALUES (1,'IIT Bombay',4,'Mumbai','Maharashtra','₹2L – ₹2.5L/yr','Central',NULL,NULL,NULL,NULL,NULL,NULL,NULL,'2026-04-27 13:18:04','2026-04-27 13:18:04',NULL,NULL,NULL,NULL,NULL,NULL,NULL,NULL,NULL),(2,'IIT Delhi',4,'New Delhi','Delhi','₹2L – ₹2.5L/yr','Central',NULL,NULL,NULL,NULL,NULL,NULL,NULL,'2026-04-27 13:18:04','2026-04-27 13:18:04',NULL,NULL,NULL,NULL,NULL,NULL,NULL,NULL,NULL),(3,'NIT Trichy',4,'Tiruchirappalli','Tamil Nadu','₹1.5L – ₹2L/yr','Central',NULL,NULL,NULL,NULL,NULL,NULL,NULL,'2026-04-27 13:18:04','2026-04-27 13:18:04',NULL,NULL,NULL,NULL,NULL,NULL,NULL,NULL,NULL),(4,'VIT University',4,'Vellore','Tamil Nadu','₹1.8L – ₹2.5L/yr','Deemed',NULL,NULL,NULL,NULL,NULL,NULL,NULL,'2026-04-27 13:18:04','2026-04-27 13:18:04',NULL,NULL,NULL,NULL,NULL,NULL,NULL,NULL,NULL),(5,'SRM Institute of Science & Tech',4,'Chennai','Tamil Nadu','₹2L – ₹3L/yr','Deemed',NULL,NULL,NULL,NULL,NULL,NULL,NULL,'2026-04-27 13:18:04','2026-04-27 13:18:04',NULL,NULL,NULL,NULL,NULL,NULL,NULL,NULL,NULL),(6,'AIIMS New Delhi',5,'New Delhi','Delhi','₹1,000 – ₹5,000/yr','Government',NULL,NULL,NULL,NULL,NULL,NULL,NULL,'2026-04-27 13:18:04','2026-04-27 13:18:04',NULL,NULL,NULL,NULL,NULL,NULL,NULL,NULL,NULL),(7,'CMC Vellore',5,'Vellore','Tamil Nadu','₹60K – ₹1L/yr','Deemed',NULL,NULL,NULL,NULL,NULL,NULL,NULL,'2026-04-27 13:18:04','2026-04-27 13:18:04',NULL,NULL,NULL,NULL,NULL,NULL,NULL,NULL,NULL),(8,'JIPMER Puducherry',5,'Puducherry','Puducherry','₹5K – ₹20K/yr','Government',NULL,NULL,NULL,NULL,NULL,NULL,NULL,'2026-04-27 13:18:04','2026-04-27 13:18:04',NULL,NULL,NULL,NULL,NULL,NULL,NULL,NULL,NULL),(9,'Kasturba Medical College',5,'Mangaluru','Karnataka','₹5L – ₹8L/yr','Deemed',NULL,NULL,NULL,NULL,NULL,NULL,NULL,'2026-04-27 13:18:04','2026-04-27 13:18:04',NULL,NULL,NULL,NULL,NULL,NULL,NULL,NULL,NULL),(10,'Shri Ram College of Commerce',2,'Delhi','Delhi','₹15K – ₹25K/yr','Government',NULL,NULL,NULL,NULL,NULL,NULL,NULL,'2026-04-27 13:18:04','2026-04-27 13:18:04',NULL,NULL,NULL,NULL,NULL,NULL,NULL,NULL,NULL),(11,'Christ University',2,'Bengaluru','Karnataka','₹1L – ₹1.5L/yr','Deemed',NULL,NULL,NULL,NULL,NULL,NULL,NULL,'2026-04-27 13:18:04','2026-04-27 13:18:04',NULL,NULL,NULL,NULL,NULL,NULL,NULL,NULL,NULL),(12,'Narsee Monjee IMC',2,'Mumbai','Maharashtra','₹80K – ₹1.2L/yr','Deemed',NULL,NULL,NULL,NULL,NULL,NULL,NULL,'2026-04-27 13:18:04','2026-04-27 13:18:04',NULL,NULL,NULL,NULL,NULL,NULL,NULL,NULL,NULL),(13,'St. Xavier\'s College Mumbai',3,'Mumbai','Maharashtra','₹40,000 – ₹1,50,000 per year','Private',NULL,NULL,'B.Sc / M.Sc in Physics, Chemistry, Biotechnology, IT, Mathematics','Merit-based (12th Marks)','CSIR Labs, IT Companies, Chemical Industries, Pharmaceuticals, Coaching Institutes','Advanced Laboratories, Central Library, Research Centers, Hostel, Sports Complex','This college offers quality science education with strong academic foundation and laboratory-based learning.','2026-04-27 13:18:04','2026-04-27 13:18:04',NULL,NULL,NULL,NULL,NULL,NULL,'Pure Sciences, Data Science, Biotechnology, Micro-Biology','₹2 LPA – ₹6 LPA (Research Stipends extra)','Well-equipped labs for Physics, Chemistry, and Biology experiments.'),(14,'Presidency University Kolkata',3,'Kolkata','West Bengal','₹10K – ₹20K/yr','Government',NULL,NULL,NULL,NULL,NULL,NULL,NULL,'2026-04-27 13:18:04','2026-04-27 13:18:04',NULL,NULL,NULL,NULL,NULL,NULL,NULL,NULL,NULL),(15,'Indian Institute of Science (IISc)',3,'Bengaluru','Karnataka','₹30K – ₹60K/yr','Central',NULL,NULL,NULL,NULL,NULL,NULL,NULL,'2026-04-27 13:18:04','2026-04-27 13:18:04',NULL,NULL,NULL,NULL,NULL,NULL,NULL,NULL,NULL),(16,'IIM Ahmedabad',6,'Ahmedabad','Gujarat','₹24L (total)','Government',NULL,NULL,NULL,NULL,NULL,NULL,NULL,'2026-04-27 13:18:04','2026-04-27 13:18:04',NULL,NULL,NULL,NULL,NULL,NULL,NULL,NULL,NULL),(17,'IIM Bangalore',6,'Bengaluru','Karnataka','₹24L (total)','Government',NULL,NULL,NULL,NULL,NULL,NULL,NULL,'2026-04-27 13:18:04','2026-04-27 13:18:04',NULL,NULL,NULL,NULL,NULL,NULL,NULL,NULL,NULL),(18,'XLRI Jamshedpur',6,'Jamshedpur','Jharkhand','₹26L (total)','Private',NULL,NULL,NULL,NULL,NULL,NULL,NULL,'2026-04-27 13:18:04','2026-04-27 13:18:04',NULL,NULL,NULL,NULL,NULL,NULL,NULL,NULL,NULL),(19,'NID Ahmedabad',1,'Ahmedabad','Gujarat','₹1.8L – ₹2.5L/yr','Government',NULL,NULL,NULL,NULL,NULL,NULL,NULL,'2026-04-27 13:18:04','2026-04-27 13:18:04',NULL,NULL,NULL,NULL,NULL,NULL,NULL,NULL,NULL),(20,'NIFT New Delhi',1,'New Delhi','Delhi','₹1.5L – ₹2L/yr','Government',NULL,NULL,NULL,NULL,NULL,NULL,NULL,'2026-04-27 13:18:04','2026-04-27 13:18:04',NULL,NULL,NULL,NULL,NULL,NULL,NULL,NULL,NULL),(21,'IARI (Indian Agricultural Research Institute)',9,'New Delhi','Delhi','₹10K – ₹30K/yr','Central',NULL,NULL,NULL,NULL,NULL,NULL,NULL,'2026-04-27 13:18:04','2026-04-27 13:18:04',NULL,NULL,NULL,NULL,NULL,NULL,NULL,NULL,NULL),(22,'G.B. Pant University of Agriculture',9,'Pantnagar','Uttarakhand','₹15K – ₹40K/yr','Government',NULL,NULL,NULL,NULL,NULL,NULL,NULL,'2026-04-27 13:18:04','2026-04-27 13:18:04',NULL,NULL,NULL,NULL,NULL,NULL,NULL,NULL,NULL),(23,'Sports Authority of India (SAI)',8,'New Delhi','Delhi','Free / Scholarship','Government',NULL,NULL,NULL,NULL,NULL,NULL,NULL,'2026-04-27 13:18:04','2026-04-27 13:18:04',NULL,NULL,NULL,NULL,NULL,NULL,NULL,NULL,NULL),(24,'LNIPE Gwalior',8,'Gwalior','Madhya Pradesh','₹30K – ₹60K/yr','Central',NULL,NULL,NULL,NULL,NULL,NULL,NULL,'2026-04-27 13:18:04','2026-04-27 13:18:04',NULL,NULL,NULL,NULL,NULL,NULL,NULL,NULL,NULL),(25,'Indian Institute of Technology Bombay',4,'Mumbai','Maharashtra','₹80,000 – ₹1,50,000 per year','Government',NULL,1,'Computer Engineering, Mechanical Engineering, Civil Engineering, Electronics Engineering','Based on MHT-CET / JEE Main merit','Good placement support with training and internship guidance','Library, Labs, Hostel, Sports, Wi-Fi Campus','This college is one of the well-known engineering institutes in its district and offers quality technical education for aspiring students.','2026-04-27 13:18:04','2026-04-27 13:18:04',NULL,NULL,NULL,NULL,NULL,NULL,NULL,NULL,NULL),(26,'Institute of Chemical Technology',4,'Mumbai','Maharashtra','₹80,000 – ₹1,50,000 per year','Government',NULL,2,'Computer Engineering, Mechanical Engineering, Civil Engineering, Electronics Engineering','Based on MHT-CET / JEE Main merit','Good placement support with training and internship guidance','Library, Labs, Hostel, Sports, Wi-Fi Campus','This college is one of the well-known engineering institutes in its district and offers quality technical education for aspiring students.','2026-04-27 13:18:04','2026-04-27 13:18:04',NULL,NULL,NULL,NULL,NULL,NULL,NULL,NULL,NULL),(27,'Veermata Jijabai Technological Institute',4,'Mumbai','Maharashtra','₹80,000 – ₹1,50,000 per year','Government',NULL,5,'Computer Engineering, Mechanical Engineering, Civil Engineering, Electronics Engineering','Based on MHT-CET / JEE Main merit','Good placement support with training and internship guidance','Library, Labs, Hostel, Sports, Wi-Fi Campus','This college is one of the well-known engineering institutes in its district and offers quality technical education for aspiring students.','2026-04-27 13:18:04','2026-04-27 13:18:04',NULL,NULL,NULL,NULL,NULL,NULL,NULL,NULL,NULL),(28,'Sardar Patel College of Engineering',4,'Mumbai','Maharashtra','₹80,000 – ₹1,50,000 per year','Government',NULL,NULL,'Computer Engineering, Mechanical Engineering, Civil Engineering, Electronics Engineering','Based on MHT-CET / JEE Main merit','Good placement support with training and internship guidance','Library, Labs, Hostel, Sports, Wi-Fi Campus','This college is one of the well-known engineering institutes in its district and offers quality technical education for aspiring students.','2026-04-27 13:18:04','2026-04-27 13:18:04',NULL,NULL,NULL,NULL,NULL,NULL,NULL,NULL,NULL),(29,'Dwarkadas J Sanghvi College of Engineering',4,'Mumbai','Maharashtra','₹80,000 – ₹1,50,000 per year','Private',NULL,10,'Computer Engineering, Mechanical Engineering, Civil Engineering, Electronics Engineering','Based on MHT-CET / JEE Main merit','Good placement support with training and internship guidance','Library, Labs, Hostel, Sports, Wi-Fi Campus','This college is one of the well-known engineering institutes in its district and offers quality technical education for aspiring students.','2026-04-27 13:18:04','2026-04-27 13:18:04',NULL,NULL,NULL,NULL,NULL,NULL,NULL,NULL,NULL),(30,'K J Somaiya College of Engineering',4,'Mumbai','Maharashtra','₹80,000 – ₹1,50,000 per year','Private',NULL,9,'Computer Engineering, Mechanical Engineering, Civil Engineering, Electronics Engineering','Based on MHT-CET / JEE Main merit','Good placement support with training and internship guidance','Library, Labs, Hostel, Sports, Wi-Fi Campus','This college is one of the well-known engineering institutes in its district and offers quality technical education for aspiring students.','2026-04-27 13:18:04','2026-04-27 13:18:04',NULL,NULL,NULL,NULL,NULL,NULL,NULL,NULL,NULL),(31,'Thadomal Shahani Engineering College',4,'Mumbai','Maharashtra','₹80,000 – ₹1,50,000 per year','Private',NULL,NULL,'Computer Engineering, Mechanical Engineering, Civil Engineering, Electronics Engineering','Based on MHT-CET / JEE Main merit','Good placement support with training and internship guidance','Library, Labs, Hostel, Sports, Wi-Fi Campus','This college is one of the well-known engineering institutes in its district and offers quality technical education for aspiring students.','2026-04-27 13:18:04','2026-04-27 13:18:04',NULL,NULL,NULL,NULL,NULL,NULL,NULL,NULL,NULL),(32,'NMIMS Mukesh Patel School of Technology Management and Engineering',4,'Mumbai','Maharashtra','₹80,000 – ₹1,50,000 per year','Private',NULL,NULL,'Computer Engineering, Mechanical Engineering, Civil Engineering, Electronics Engineering','Based on MHT-CET / JEE Main merit','Good placement support with training and internship guidance','Library, Labs, Hostel, Sports, Wi-Fi Campus','This college is one of the well-known engineering institutes in its district and offers quality technical education for aspiring students.','2026-04-27 13:18:04','2026-04-27 13:18:04',NULL,NULL,NULL,NULL,NULL,NULL,NULL,NULL,NULL),(33,'College of Engineering Pune',4,'Pune','Maharashtra','₹80,000 – ₹1,50,000 per year','Government',NULL,4,'Computer Engineering, Mechanical Engineering, Civil Engineering, Electronics Engineering','Based on MHT-CET / JEE Main merit','Good placement support with training and internship guidance','Library, Labs, Hostel, Sports, Wi-Fi Campus','This college is one of the well-known engineering institutes in its district and offers quality technical education for aspiring students.','2026-04-27 13:18:04','2026-04-27 13:18:04',NULL,NULL,NULL,NULL,NULL,NULL,NULL,NULL,NULL),(34,'Defence Institute of Advanced Technology',4,'Pune','Maharashtra','₹80,000 – ₹1,50,000 per year','Central',NULL,6,'Computer Engineering, Mechanical Engineering, Civil Engineering, Electronics Engineering','Based on MHT-CET / JEE Main merit','Good placement support with training and internship guidance','Library, Labs, Hostel, Sports, Wi-Fi Campus','This college is one of the well-known engineering institutes in its district and offers quality technical education for aspiring students.','2026-04-27 13:18:04','2026-04-27 13:18:04',NULL,NULL,NULL,NULL,NULL,NULL,NULL,NULL,NULL),(35,'Vishwakarma Institute of Technology',4,'Pune','Maharashtra','₹80,000 – ₹1,50,000 per year','Autonomous',NULL,7,'Computer Engineering, Mechanical Engineering, Civil Engineering, Electronics Engineering','Based on MHT-CET / JEE Main merit','Good placement support with training and internship guidance','Library, Labs, Hostel, Sports, Wi-Fi Campus','This college is one of the well-known engineering institutes in its district and offers quality technical education for aspiring students.','2026-04-27 13:18:04','2026-04-27 13:18:04',NULL,NULL,NULL,NULL,NULL,NULL,NULL,NULL,NULL),(36,'Pune Institute of Computer Technology',4,'Pune','Maharashtra','₹80,000 – ₹1,50,000 per year','Private',NULL,NULL,'Computer Engineering, Mechanical Engineering, Civil Engineering, Electronics Engineering','Based on MHT-CET / JEE Main merit','Good placement support with training and internship guidance','Library, Labs, Hostel, Sports, Wi-Fi Campus','This college is one of the well-known engineering institutes in its district and offers quality technical education for aspiring students.','2026-04-27 13:18:04','2026-04-27 13:18:04',NULL,NULL,NULL,NULL,NULL,NULL,NULL,NULL,NULL),(37,'MIT World Peace University',4,'Pune','Maharashtra','₹80,000 – ₹1,50,000 per year','Private',NULL,8,'Computer Engineering, Mechanical Engineering, Civil Engineering, Electronics Engineering','Based on MHT-CET / JEE Main merit','Good placement support with training and internship guidance','Library, Labs, Hostel, Sports, Wi-Fi Campus','This college is one of the well-known engineering institutes in its district and offers quality technical education for aspiring students.','2026-04-27 13:18:04','2026-04-27 13:18:04',NULL,NULL,NULL,NULL,NULL,NULL,NULL,NULL,NULL),(38,'Bharati Vidyapeeth College of Engineering',4,'Pune','Maharashtra','₹80,000 – ₹1,50,000 per year','Private',NULL,NULL,'Computer Engineering, Mechanical Engineering, Civil Engineering, Electronics Engineering','Based on MHT-CET / JEE Main merit','Good placement support with training and internship guidance','Library, Labs, Hostel, Sports, Wi-Fi Campus','This college is one of the well-known engineering institutes in its district and offers quality technical education for aspiring students.','2026-04-27 13:18:04','2026-04-27 13:18:04',NULL,NULL,NULL,NULL,NULL,NULL,NULL,NULL,NULL),(39,'Army Institute of Technology',4,'Pune','Maharashtra','₹80,000 – ₹1,50,000 per year','Private',NULL,NULL,'Computer Engineering, Mechanical Engineering, Civil Engineering, Electronics Engineering','Based on MHT-CET / JEE Main merit','Good placement support with training and internship guidance','Library, Labs, Hostel, Sports, Wi-Fi Campus','This college is one of the well-known engineering institutes in its district and offers quality technical education for aspiring students.','2026-04-27 13:18:04','2026-04-27 13:18:04',NULL,NULL,NULL,NULL,NULL,NULL,NULL,NULL,NULL),(40,'Symbiosis Institute of Technology',4,'Pune','Maharashtra','₹80,000 – ₹1,50,000 per year','Private',NULL,NULL,'Computer Engineering, Mechanical Engineering, Civil Engineering, Electronics Engineering','Based on MHT-CET / JEE Main merit','Good placement support with training and internship guidance','Library, Labs, Hostel, Sports, Wi-Fi Campus','This college is one of the well-known engineering institutes in its district and offers quality technical education for aspiring students.','2026-04-27 13:18:04','2026-04-27 13:18:04',NULL,NULL,NULL,NULL,NULL,NULL,NULL,NULL,NULL),(41,'Visvesvaraya National Institute of Technology',4,'Nagpur','Maharashtra','₹80,000 – ₹1,50,000 per year','Central',NULL,3,'Computer Engineering, Mechanical Engineering, Civil Engineering, Electronics Engineering','Based on MHT-CET / JEE Main merit','Good placement support with training and internship guidance','Library, Labs, Hostel, Sports, Wi-Fi Campus','This college is one of the well-known engineering institutes in its district and offers quality technical education for aspiring students.','2026-04-27 13:18:04','2026-04-27 13:18:04',NULL,NULL,NULL,NULL,NULL,NULL,NULL,NULL,NULL),(42,'Shri Ramdeobaba College of Engineering and Management',4,'Nagpur','Maharashtra','₹80,000 – ₹1,50,000 per year','Autonomous',NULL,NULL,'Computer Engineering, Mechanical Engineering, Civil Engineering, Electronics Engineering','Based on MHT-CET / JEE Main merit','Good placement support with training and internship guidance','Library, Labs, Hostel, Sports, Wi-Fi Campus','This college is one of the well-known engineering institutes in its district and offers quality technical education for aspiring students.','2026-04-27 13:18:04','2026-04-27 13:18:04',NULL,NULL,NULL,NULL,NULL,NULL,NULL,NULL,NULL),(43,'Yeshwantrao Chavan College of Engineering',4,'Nagpur','Maharashtra','₹80,000 – ₹1,50,000 per year','Autonomous',NULL,NULL,'Computer Engineering, Mechanical Engineering, Civil Engineering, Electronics Engineering','Based on MHT-CET / JEE Main merit','Good placement support with training and internship guidance','Library, Labs, Hostel, Sports, Wi-Fi Campus','This college is one of the well-known engineering institutes in its district and offers quality technical education for aspiring students.','2026-04-27 13:18:04','2026-04-27 13:18:04',NULL,NULL,NULL,NULL,NULL,NULL,NULL,NULL,NULL),(44,'G H Raisoni College of Engineering',4,'Nagpur','Maharashtra','₹80,000 – ₹1,50,000 per year','Autonomous',NULL,NULL,'Computer Engineering, Mechanical Engineering, Civil Engineering, Electronics Engineering','Based on MHT-CET / JEE Main merit','Good placement support with training and internship guidance','Library, Labs, Hostel, Sports, Wi-Fi Campus','This college is one of the well-known engineering institutes in its district and offers quality technical education for aspiring students.','2026-04-27 13:18:04','2026-04-27 13:18:04',NULL,NULL,NULL,NULL,NULL,NULL,NULL,NULL,NULL),(45,'K K Wagh Institute of Engineering Education and Research',4,'Nashik','Maharashtra','₹80,000 – ₹1,50,000 per year','Private',NULL,NULL,'Computer Engineering, Mechanical Engineering, Civil Engineering, Electronics Engineering','Based on MHT-CET / JEE Main merit','Good placement support with training and internship guidance','Library, Labs, Hostel, Sports, Wi-Fi Campus','This college is one of the well-known engineering institutes in its district and offers quality technical education for aspiring students.','2026-04-27 13:18:04','2026-04-27 13:18:04',NULL,NULL,NULL,NULL,NULL,NULL,NULL,NULL,NULL),(46,'Sandip Institute of Technology and Research Centre',4,'Nashik','Maharashtra','₹80,000 – ₹1,50,000 per year','Private',NULL,NULL,'Computer Engineering, Mechanical Engineering, Civil Engineering, Electronics Engineering','Based on MHT-CET / JEE Main merit','Good placement support with training and internship guidance','Library, Labs, Hostel, Sports, Wi-Fi Campus','This college is one of the well-known engineering institutes in its district and offers quality technical education for aspiring students.','2026-04-27 13:18:04','2026-04-27 13:18:04',NULL,NULL,NULL,NULL,NULL,NULL,NULL,NULL,NULL),(47,'MET Institute of Engineering',4,'Nashik','Maharashtra','₹80,000 – ₹1,50,000 per year','Private',NULL,NULL,'Computer Engineering, Mechanical Engineering, Civil Engineering, Electronics Engineering','Based on MHT-CET / JEE Main merit','Good placement support with training and internship guidance','Library, Labs, Hostel, Sports, Wi-Fi Campus','This college is one of the well-known engineering institutes in its district and offers quality technical education for aspiring students.','2026-04-27 13:18:04','2026-04-27 13:18:04',NULL,NULL,NULL,NULL,NULL,NULL,NULL,NULL,NULL),(48,'Gokhale Education Society R H Sapat College of Engineering',4,'Nashik','Maharashtra','₹80,000 – ₹1,50,000 per year','Private',NULL,NULL,'Computer Engineering, Mechanical Engineering, Civil Engineering, Electronics Engineering','Based on MHT-CET / JEE Main merit','Good placement support with training and internship guidance','Library, Labs, Hostel, Sports, Wi-Fi Campus','This college is one of the well-known engineering institutes in its district and offers quality technical education for aspiring students.','2026-04-27 13:18:04','2026-04-27 13:18:04',NULL,NULL,NULL,NULL,NULL,NULL,NULL,NULL,NULL),(49,'Government College of Engineering Aurangabad',4,'Aurangabad','Maharashtra','₹80,000 – ₹1,50,000 per year','Government',NULL,NULL,'Computer Engineering, Mechanical Engineering, Civil Engineering, Electronics Engineering','Based on MHT-CET / JEE Main merit','Good placement support with training and internship guidance','Library, Labs, Hostel, Sports, Wi-Fi Campus','This college is one of the well-known engineering institutes in its district and offers quality technical education for aspiring students.','2026-04-27 13:18:04','2026-04-27 13:18:04',NULL,NULL,NULL,NULL,NULL,NULL,NULL,NULL,NULL),(50,'MIT Aurangabad',4,'Aurangabad','Maharashtra','₹80,000 – ₹1,50,000 per year','Private',NULL,NULL,'Computer Engineering, Mechanical Engineering, Civil Engineering, Electronics Engineering','Based on MHT-CET / JEE Main merit','Good placement support with training and internship guidance','Library, Labs, Hostel, Sports, Wi-Fi Campus','This college is one of the well-known engineering institutes in its district and offers quality technical education for aspiring students.','2026-04-27 13:18:04','2026-04-27 13:18:04',NULL,NULL,NULL,NULL,NULL,NULL,NULL,NULL,NULL),(51,'Walchand College of Engineering',4,'Sangli','Maharashtra','₹80,000 – ₹1,50,000 per year','Government',NULL,NULL,'Computer Engineering, Mechanical Engineering, Civil Engineering, Electronics Engineering','Based on MHT-CET / JEE Main merit','Good placement support with training and internship guidance','Library, Labs, Hostel, Sports, Wi-Fi Campus','This college is one of the well-known engineering institutes in its district and offers quality technical education for aspiring students.','2026-04-27 13:18:04','2026-04-27 13:18:04',NULL,NULL,NULL,NULL,NULL,NULL,NULL,NULL,NULL),(52,'Ramrao Adik Institute of Technology',4,'Navi Mumbai','Maharashtra','₹80,000 – ₹1,50,000 per year','Private',NULL,NULL,'Computer Engineering, Mechanical Engineering, Civil Engineering, Electronics Engineering','Based on MHT-CET / JEE Main merit','Good placement support with training and internship guidance','Library, Labs, Hostel, Sports, Wi-Fi Campus','This college is one of the well-known engineering institutes in its district and offers quality technical education for aspiring students.','2026-04-27 13:18:04','2026-04-27 13:18:04',NULL,NULL,NULL,NULL,NULL,NULL,NULL,NULL,NULL),(53,'Bharati Vidyapeeth College of Engineering Navi Mumbai',4,'Navi Mumbai','Maharashtra','₹80,000 – ₹1,50,000 per year','Private',NULL,NULL,'Computer Engineering, Mechanical Engineering, Civil Engineering, Electronics Engineering','Based on MHT-CET / JEE Main merit','Good placement support with training and internship guidance','Library, Labs, Hostel, Sports, Wi-Fi Campus','This college is one of the well-known engineering institutes in its district and offers quality technical education for aspiring students.','2026-04-27 13:18:04','2026-04-27 13:18:04',NULL,NULL,NULL,NULL,NULL,NULL,NULL,NULL,NULL),(54,'Seth GS Medical College',5,'Mumbai','Maharashtra','₹1L – ₹2L per year','Government',NULL,2,'MBBS (Bachelor of Medicine and Bachelor of Surgery)','580–680 Marks (NEET)','Internship + hospital training (MBBS standard)','Library, Labs, Hostel, ICU, OPD, Emergency services','This is a well-known medical college offering MBBS education with strong clinical exposure and experienced faculty.','2026-04-27 13:18:04','2026-04-27 13:18:04','Attached multi-specialty teaching hospital',129,'Strong patient flow with hands-on training',NULL,NULL,NULL,NULL,NULL,NULL),(55,'Grant Medical College',5,'Mumbai','Maharashtra','₹1L – ₹2L per year','Government',NULL,4,'MBBS (Bachelor of Medicine and Bachelor of Surgery)','580–680 Marks (NEET)','Internship + hospital training (MBBS standard)','Library, Labs, Hostel, ICU, OPD, Emergency services','This is a well-known medical college offering MBBS education with strong clinical exposure and experienced faculty.','2026-04-27 13:18:04','2026-04-27 13:18:04','Attached multi-specialty teaching hospital',163,'Strong patient flow with hands-on training',NULL,NULL,NULL,NULL,NULL,NULL),(56,'Lokmanya Tilak Municipal Medical College',5,'Mumbai','Maharashtra','₹1L – ₹2L per year','Government',NULL,6,'MBBS (Bachelor of Medicine and Bachelor of Surgery)','580–680 Marks (NEET)','Internship + hospital training (MBBS standard)','Library, Labs, Hostel, ICU, OPD, Emergency services','This is a well-known medical college offering MBBS education with strong clinical exposure and experienced faculty.','2026-04-27 13:18:04','2026-04-27 13:18:04','Attached multi-specialty teaching hospital',152,'Strong patient flow with hands-on training',NULL,NULL,NULL,NULL,NULL,NULL),(57,'Topiwala National Medical College',5,'Mumbai','Maharashtra','₹1L – ₹2L per year','Government',NULL,NULL,'MBBS (Bachelor of Medicine and Bachelor of Surgery)','580–680 Marks (NEET)','Internship + hospital training (MBBS standard)','Library, Labs, Hostel, ICU, OPD, Emergency services','This is a well-known medical college offering MBBS education with strong clinical exposure and experienced faculty.','2026-04-27 13:18:04','2026-04-27 13:18:04','Attached multi-specialty teaching hospital',207,'Strong patient flow with hands-on training',NULL,NULL,NULL,NULL,NULL,NULL),(58,'KJ Somaiya Medical College',5,'Mumbai','Maharashtra','₹8L – ₹15L per year','Private',NULL,NULL,'MBBS (Bachelor of Medicine and Bachelor of Surgery)','350–550 Marks (NEET)','Internship + hospital training (MBBS standard)','Library, Labs, Hostel, ICU, OPD, Emergency services','This is a well-known medical college offering MBBS education with strong clinical exposure and experienced faculty.','2026-04-27 13:18:04','2026-04-27 13:18:04','Attached multi-specialty teaching hospital',141,'Strong patient flow with hands-on training',NULL,NULL,NULL,NULL,NULL,NULL),(59,'Armed Forces Medical College',5,'Pune','Maharashtra','₹1L – ₹2L per year','Government',NULL,1,'MBBS (Bachelor of Medicine and Bachelor of Surgery)','580–680 Marks (NEET)','Internship + hospital training (MBBS standard)','Library, Labs, Hostel, ICU, OPD, Emergency services','This is a well-known medical college offering MBBS education with strong clinical exposure and experienced faculty.','2026-04-27 13:18:04','2026-04-27 13:18:04','Attached multi-specialty teaching hospital',131,'Strong patient flow with hands-on training',NULL,NULL,NULL,NULL,NULL,NULL),(60,'BJ Government Medical College',5,'Pune','Maharashtra','₹1L – ₹2L per year','Government',NULL,5,'MBBS (Bachelor of Medicine and Bachelor of Surgery)','580–680 Marks (NEET)','Internship + hospital training (MBBS standard)','Library, Labs, Hostel, ICU, OPD, Emergency services','This is a well-known medical college offering MBBS education with strong clinical exposure and experienced faculty.','2026-04-27 13:18:04','2026-04-27 13:18:04','Attached multi-specialty teaching hospital',188,'Strong patient flow with hands-on training',NULL,NULL,NULL,NULL,NULL,NULL),(61,'Dr. D. Y. Patil Medical College Pune',5,'Pune','Maharashtra','₹8L – ₹15L per year','Private',NULL,8,'MBBS (Bachelor of Medicine and Bachelor of Surgery)','350–550 Marks (NEET)','Internship + hospital training (MBBS standard)','Library, Labs, Hostel, ICU, OPD, Emergency services','This is a well-known medical college offering MBBS education with strong clinical exposure and experienced faculty.','2026-04-27 13:18:04','2026-04-27 13:18:04','Attached multi-specialty teaching hospital',155,'Strong patient flow with hands-on training',NULL,NULL,NULL,NULL,NULL,NULL),(62,'Bharati Vidyapeeth Medical College Pune',5,'Pune','Maharashtra','₹8L – ₹15L per year','Deemed',NULL,9,'MBBS (Bachelor of Medicine and Bachelor of Surgery)','350–550 Marks (NEET)','Internship + hospital training (MBBS standard)','Library, Labs, Hostel, ICU, OPD, Emergency services','This is a well-known medical college offering MBBS education with strong clinical exposure and experienced faculty.','2026-04-27 13:18:04','2026-04-27 13:18:04','Attached multi-specialty teaching hospital',212,'Strong patient flow with hands-on training',NULL,NULL,NULL,NULL,NULL,NULL),(63,'Symbiosis Medical College for Women',5,'Pune','Maharashtra','₹8L – ₹15L per year','Private',NULL,NULL,'MBBS (Bachelor of Medicine and Bachelor of Surgery)','350–550 Marks (NEET)','Internship + hospital training (MBBS standard)','Library, Labs, Hostel, ICU, OPD, Emergency services','This is a well-known medical college offering MBBS education with strong clinical exposure and experienced faculty.','2026-04-27 13:18:04','2026-04-27 13:18:04','Attached multi-specialty teaching hospital',176,'Strong patient flow with hands-on training',NULL,NULL,NULL,NULL,NULL,NULL),(64,'AIIMS Nagpur',5,'Nagpur','Maharashtra','₹1L – ₹2L per year','Government',NULL,3,'MBBS (Bachelor of Medicine and Bachelor of Surgery)','580–680 Marks (NEET)','Internship + hospital training (MBBS standard)','Library, Labs, Hostel, ICU, OPD, Emergency services','This is a well-known medical college offering MBBS education with strong clinical exposure and experienced faculty.','2026-04-27 13:18:04','2026-04-27 13:18:04','Attached multi-specialty teaching hospital',129,'Strong patient flow with hands-on training',NULL,NULL,NULL,NULL,NULL,NULL),(65,'Government Medical College Nagpur',5,'Nagpur','Maharashtra','₹1L – ₹2L per year','Government',NULL,10,'MBBS (Bachelor of Medicine and Bachelor of Surgery)','580–680 Marks (NEET)','Internship + hospital training (MBBS standard)','Library, Labs, Hostel, ICU, OPD, Emergency services','This is a well-known medical college offering MBBS education with strong clinical exposure and experienced faculty.','2026-04-27 13:18:04','2026-04-27 13:18:04','Attached multi-specialty teaching hospital',167,'Strong patient flow with hands-on training',NULL,NULL,NULL,NULL,NULL,NULL),(66,'NKP Salve Institute of Medical Sciences',5,'Nagpur','Maharashtra','₹8L – ₹15L per year','Private',NULL,NULL,'MBBS (Bachelor of Medicine and Bachelor of Surgery)','350–550 Marks (NEET)','Internship + hospital training (MBBS standard)','Library, Labs, Hostel, ICU, OPD, Emergency services','This is a well-known medical college offering MBBS education with strong clinical exposure and experienced faculty.','2026-04-27 13:18:04','2026-04-27 13:18:04','Attached multi-specialty teaching hospital',204,'Strong patient flow with hands-on training',NULL,NULL,NULL,NULL,NULL,NULL),(67,'Dr. Vasantrao Pawar Medical College',5,'Nashik','Maharashtra','₹8L – ₹15L per year','Private',NULL,NULL,'MBBS (Bachelor of Medicine and Bachelor of Surgery)','350–550 Marks (NEET)','Internship + hospital training (MBBS standard)','Library, Labs, Hostel, ICU, OPD, Emergency services','This is a well-known medical college offering MBBS education with strong clinical exposure and experienced faculty.','2026-04-27 13:18:04','2026-04-27 13:18:04','Attached multi-specialty teaching hospital',227,'Strong patient flow with hands-on training',NULL,NULL,NULL,NULL,NULL,NULL),(68,'SMBT Institute of Medical Sciences',5,'Nashik','Maharashtra','₹8L – ₹15L per year','Private',NULL,NULL,'MBBS (Bachelor of Medicine and Bachelor of Surgery)','350–550 Marks (NEET)','Internship + hospital training (MBBS standard)','Library, Labs, Hostel, ICU, OPD, Emergency services','This is a well-known medical college offering MBBS education with strong clinical exposure and experienced faculty.','2026-04-27 13:18:04','2026-04-27 13:18:04','Attached multi-specialty teaching hospital',206,'Strong patient flow with hands-on training',NULL,NULL,NULL,NULL,NULL,NULL),(69,'Government Medical College Aurangabad',5,'Aurangabad','Maharashtra','₹1L – ₹2L per year','Government',NULL,NULL,'MBBS (Bachelor of Medicine and Bachelor of Surgery)','580–680 Marks (NEET)','Internship + hospital training (MBBS standard)','Library, Labs, Hostel, ICU, OPD, Emergency services','This is a well-known medical college offering MBBS education with strong clinical exposure and experienced faculty.','2026-04-27 13:18:04','2026-04-27 13:18:04','Attached multi-specialty teaching hospital',195,'Strong patient flow with hands-on training',NULL,NULL,NULL,NULL,NULL,NULL),(70,'MGM Medical College Aurangabad',5,'Aurangabad','Maharashtra','₹8L – ₹15L per year','Private',NULL,NULL,'MBBS (Bachelor of Medicine and Bachelor of Surgery)','350–550 Marks (NEET)','Internship + hospital training (MBBS standard)','Library, Labs, Hostel, ICU, OPD, Emergency services','This is a well-known medical college offering MBBS education with strong clinical exposure and experienced faculty.','2026-04-27 13:18:04','2026-04-27 13:18:04','Attached multi-specialty teaching hospital',224,'Strong patient flow with hands-on training',NULL,NULL,NULL,NULL,NULL,NULL),(71,'Rural Medical College Loni',5,'Ahmednagar','Maharashtra','₹8L – ₹15L per year','Private',NULL,NULL,'MBBS (Bachelor of Medicine and Bachelor of Surgery)','350–550 Marks (NEET)','Internship + hospital training (MBBS standard)','Library, Labs, Hostel, ICU, OPD, Emergency services','This is a well-known medical college offering MBBS education with strong clinical exposure and experienced faculty.','2026-04-27 13:18:04','2026-04-27 13:18:04','Attached multi-specialty teaching hospital',216,'Strong patient flow with hands-on training',NULL,NULL,NULL,NULL,NULL,NULL),(72,'Dr. Vithalrao Vikhe Patil Medical College',5,'Ahmednagar','Maharashtra','₹8L – ₹15L per year','Private',NULL,NULL,'MBBS (Bachelor of Medicine and Bachelor of Surgery)','350–550 Marks (NEET)','Internship + hospital training (MBBS standard)','Library, Labs, Hostel, ICU, OPD, Emergency services','This is a well-known medical college offering MBBS education with strong clinical exposure and experienced faculty.','2026-04-27 13:18:04','2026-04-27 13:18:04','Attached multi-specialty teaching hospital',128,'Strong patient flow with hands-on training',NULL,NULL,NULL,NULL,NULL,NULL),(73,'Government Medical College Kolhapur',5,'Kolhapur','Maharashtra','₹1L – ₹2L per year','Government',NULL,NULL,'MBBS (Bachelor of Medicine and Bachelor of Surgery)','580–680 Marks (NEET)','Internship + hospital training (MBBS standard)','Library, Labs, Hostel, ICU, OPD, Emergency services','This is a well-known medical college offering MBBS education with strong clinical exposure and experienced faculty.','2026-04-27 13:18:04','2026-04-27 13:18:04','Attached multi-specialty teaching hospital',210,'Strong patient flow with hands-on training',NULL,NULL,NULL,NULL,NULL,NULL),(74,'DY Patil Medical College Kolhapur',5,'Kolhapur','Maharashtra','₹8L – ₹15L per year','Private',NULL,NULL,'MBBS (Bachelor of Medicine and Bachelor of Surgery)','350–550 Marks (NEET)','Internship + hospital training (MBBS standard)','Library, Labs, Hostel, ICU, OPD, Emergency services','This is a well-known medical college offering MBBS education with strong clinical exposure and experienced faculty.','2026-04-27 13:18:04','2026-04-27 13:18:04','Attached multi-specialty teaching hospital',232,'Strong patient flow with hands-on training',NULL,NULL,NULL,NULL,NULL,NULL),(75,'Government Medical College Miraj',5,'Sangli','Maharashtra','₹1L – ₹2L per year','Government',NULL,NULL,'MBBS (Bachelor of Medicine and Bachelor of Surgery)','580–680 Marks (NEET)','Internship + hospital training (MBBS standard)','Library, Labs, Hostel, ICU, OPD, Emergency services','This is a well-known medical college offering MBBS education with strong clinical exposure and experienced faculty.','2026-04-27 13:18:04','2026-04-27 13:18:04','Attached multi-specialty teaching hospital',152,'Strong patient flow with hands-on training',NULL,NULL,NULL,NULL,NULL,NULL),(76,'Bharati Vidyapeeth Medical College Sangli',5,'Sangli','Maharashtra','₹8L – ₹15L per year','Deemed',NULL,NULL,'MBBS (Bachelor of Medicine and Bachelor of Surgery)','350–550 Marks (NEET)','Internship + hospital training (MBBS standard)','Library, Labs, Hostel, ICU, OPD, Emergency services','This is a well-known medical college offering MBBS education with strong clinical exposure and experienced faculty.','2026-04-27 13:18:04','2026-04-27 13:18:04','Attached multi-specialty teaching hospital',130,'Strong patient flow with hands-on training',NULL,NULL,NULL,NULL,NULL,NULL),(77,'Government Medical College Solapur',5,'Solapur','Maharashtra','₹1L – ₹2L per year','Government',NULL,NULL,'MBBS (Bachelor of Medicine and Bachelor of Surgery)','580–680 Marks (NEET)','Internship + hospital training (MBBS standard)','Library, Labs, Hostel, ICU, OPD, Emergency services','This is a well-known medical college offering MBBS education with strong clinical exposure and experienced faculty.','2026-04-27 13:18:04','2026-04-27 13:18:04','Attached multi-specialty teaching hospital',107,'Strong patient flow with hands-on training',NULL,NULL,NULL,NULL,NULL,NULL),(78,'Ashwini Rural Medical College',5,'Solapur','Maharashtra','₹8L – ₹15L per year','Private',NULL,NULL,'MBBS (Bachelor of Medicine and Bachelor of Surgery)','350–550 Marks (NEET)','Internship + hospital training (MBBS standard)','Library, Labs, Hostel, ICU, OPD, Emergency services','This is a well-known medical college offering MBBS education with strong clinical exposure and experienced faculty.','2026-04-27 13:18:04','2026-04-27 13:18:04','Attached multi-specialty teaching hospital',145,'Strong patient flow with hands-on training',NULL,NULL,NULL,NULL,NULL,NULL),(79,'Dr. Ulhas Patil Medical College',5,'Jalgaon','Maharashtra','₹8L – ₹15L per year','Private',NULL,NULL,'MBBS (Bachelor of Medicine and Bachelor of Surgery)','350–550 Marks (NEET)','Internship + hospital training (MBBS standard)','Library, Labs, Hostel, ICU, OPD, Emergency services','This is a well-known medical college offering MBBS education with strong clinical exposure and experienced faculty.','2026-04-27 13:18:04','2026-04-27 13:18:04','Attached multi-specialty teaching hospital',216,'Strong patient flow with hands-on training',NULL,NULL,NULL,NULL,NULL,NULL),(80,'Dr. Panjabrao Deshmukh Medical College',5,'Amravati','Maharashtra','₹8L – ₹15L per year','Private',NULL,NULL,'MBBS (Bachelor of Medicine and Bachelor of Surgery)','350–550 Marks (NEET)','Internship + hospital training (MBBS standard)','Library, Labs, Hostel, ICU, OPD, Emergency services','This is a well-known medical college offering MBBS education with strong clinical exposure and experienced faculty.','2026-04-27 13:18:04','2026-04-27 13:18:04','Attached multi-specialty teaching hospital',243,'Strong patient flow with hands-on training',NULL,NULL,NULL,NULL,NULL,NULL),(81,'Mahatma Gandhi Institute of Medical Sciences',5,'Wardha','Maharashtra','₹1L – ₹2L per year','Government',NULL,NULL,'MBBS (Bachelor of Medicine and Bachelor of Surgery)','580–680 Marks (NEET)','Internship + hospital training (MBBS standard)','Library, Labs, Hostel, ICU, OPD, Emergency services','This is a well-known medical college offering MBBS education with strong clinical exposure and experienced faculty.','2026-04-27 13:18:04','2026-04-27 13:18:04','Attached multi-specialty teaching hospital',146,'Strong patient flow with hands-on training',NULL,NULL,NULL,NULL,NULL,NULL),(82,'Datta Meghe Institute of Medical Sciences',5,'Wardha','Maharashtra','₹8L – ₹15L per year','Deemed',NULL,7,'MBBS (Bachelor of Medicine and Bachelor of Surgery)','350–550 Marks (NEET)','Internship + hospital training (MBBS standard)','Library, Labs, Hostel, ICU, OPD, Emergency services','This is a well-known medical college offering MBBS education with strong clinical exposure and experienced faculty.','2026-04-27 13:18:04','2026-04-27 13:18:04','Attached multi-specialty teaching hospital',218,'Strong patient flow with hands-on training',NULL,NULL,NULL,NULL,NULL,NULL),(83,'Government Medical College Latur',5,'Latur','Maharashtra','₹1L – ₹2L per year','Government',NULL,NULL,'MBBS (Bachelor of Medicine and Bachelor of Surgery)','580–680 Marks (NEET)','Internship + hospital training (MBBS standard)','Library, Labs, Hostel, ICU, OPD, Emergency services','This is a well-known medical college offering MBBS education with strong clinical exposure and experienced faculty.','2026-04-27 13:18:04','2026-04-27 13:18:04','Attached multi-specialty teaching hospital',186,'Strong patient flow with hands-on training',NULL,NULL,NULL,NULL,NULL,NULL),(84,'Government Medical College Nanded',5,'Nanded','Maharashtra','₹1L – ₹2L per year','Government',NULL,NULL,'MBBS (Bachelor of Medicine and Bachelor of Surgery)','580–680 Marks (NEET)','Internship + hospital training (MBBS standard)','Library, Labs, Hostel, ICU, OPD, Emergency services','This is a well-known medical college offering MBBS education with strong clinical exposure and experienced faculty.','2026-04-27 13:18:04','2026-04-27 13:18:04','Attached multi-specialty teaching hospital',169,'Strong patient flow with hands-on training',NULL,NULL,NULL,NULL,NULL,NULL),(85,'Institute of Hotel Management Mumbai',20,'Mumbai','Maharashtra','₹50,000 – ₹1,50,000 per year','Government',NULL,1,'BHM (Bachelor of Hotel Management), B.Sc Hospitality, Diploma in Hotel Management','NCHMCT JEE / MAH HM CET / Merit-based','Taj Hotels, Oberoi Group, ITC Hotels, Marriott, Airlines & Cruise Industry','Training kitchen, Food labs, Hostel, Library, Wi-Fi campus','This college offers professional hospitality training with strong practical exposure and industry-focused curriculum.','2026-04-27 13:18:04','2026-04-27 13:18:04',NULL,NULL,NULL,'Tier 1','3–4 years','Mandatory overseas and domestic internship programs with leading hotel chains.',NULL,NULL,NULL),(86,'Institute of Hotel Management Sindhudurg',20,'Sindhudurg','Maharashtra','₹50,000 – ₹1,50,000 per year','Government',NULL,2,'BHM (Bachelor of Hotel Management), B.Sc Hospitality, Diploma in Hotel Management','NCHMCT JEE / MAH HM CET / Merit-based','Taj Hotels, Oberoi Group, ITC Hotels, Marriott, Airlines & Cruise Industry','Training kitchen, Food labs, Hostel, Library, Wi-Fi campus','This college offers professional hospitality training with strong practical exposure and industry-focused curriculum.','2026-04-27 13:18:04','2026-04-27 13:18:04',NULL,NULL,NULL,'Tier 1','3–4 years','Mandatory overseas and domestic internship programs with leading hotel chains.',NULL,NULL,NULL),(87,'Bharati Vidyapeeth College of Hotel and Tourism Management Studies',20,'Navi Mumbai','Maharashtra','₹1,50,000 – ₹3,50,000 per year','Private',NULL,3,'BHM (Bachelor of Hotel Management), B.Sc Hospitality, Diploma in Hotel Management','NCHMCT JEE / MAH HM CET / Merit-based','Taj Hotels, Oberoi Group, ITC Hotels, Marriott, Airlines & Cruise Industry','Training kitchen, Food labs, Hostel, Library, Wi-Fi campus','This college offers professional hospitality training with strong practical exposure and industry-focused curriculum.','2026-04-27 13:18:04','2026-04-27 13:18:04',NULL,NULL,NULL,'Tier 2','3–4 years','Mandatory overseas and domestic internship programs with leading hotel chains.',NULL,NULL,NULL),(88,'AISSMS College of Hotel Management and Catering Technology',20,'Pune','Maharashtra','₹1,50,000 – ₹3,50,000 per year','Private',NULL,4,'BHM (Bachelor of Hotel Management), B.Sc Hospitality, Diploma in Hotel Management','NCHMCT JEE / MAH HM CET / Merit-based','Taj Hotels, Oberoi Group, ITC Hotels, Marriott, Airlines & Cruise Industry','Training kitchen, Food labs, Hostel, Library, Wi-Fi campus','This college offers professional hospitality training with strong practical exposure and industry-focused curriculum.','2026-04-27 13:18:04','2026-04-27 13:18:04',NULL,NULL,NULL,'Tier 2','3–4 years','Mandatory overseas and domestic internship programs with leading hotel chains.',NULL,NULL,NULL),(89,'Symbiosis School of Culinary Arts',20,'Pune','Maharashtra','₹1,50,000 – ₹3,50,000 per year','Private',NULL,5,'BHM (Bachelor of Hotel Management), B.Sc Hospitality, Diploma in Hotel Management','NCHMCT JEE / MAH HM CET / Merit-based','Taj Hotels, Oberoi Group, ITC Hotels, Marriott, Airlines & Cruise Industry','Training kitchen, Food labs, Hostel, Library, Wi-Fi campus','This college offers professional hospitality training with strong practical exposure and industry-focused curriculum.','2026-04-27 13:18:04','2026-04-27 13:18:04',NULL,NULL,NULL,'Tier 2','3–4 years','Mandatory overseas and domestic internship programs with leading hotel chains.',NULL,NULL,NULL),(90,'School of Hospitality and Tourism Studies',20,'Navi Mumbai','Maharashtra','₹1,50,000 – ₹3,50,000 per year','Private',NULL,NULL,'BHM (Bachelor of Hotel Management), B.Sc Hospitality, Diploma in Hotel Management','NCHMCT JEE / MAH HM CET / Merit-based','Taj Hotels, Oberoi Group, ITC Hotels, Marriott, Airlines & Cruise Industry','Training kitchen, Food labs, Hostel, Library, Wi-Fi campus','This college offers professional hospitality training with strong practical exposure and industry-focused curriculum.','2026-04-27 13:18:04','2026-04-27 13:18:04',NULL,NULL,NULL,'Tier 2','3–4 years','Mandatory overseas and domestic internship programs with leading hotel chains.',NULL,NULL,NULL),(91,'ITM Institute of Hotel Management',20,'Mumbai','Maharashtra','₹1,50,000 – ₹3,50,000 per year','Private',NULL,NULL,'BHM (Bachelor of Hotel Management), B.Sc Hospitality, Diploma in Hotel Management','NCHMCT JEE / MAH HM CET / Merit-based','Taj Hotels, Oberoi Group, ITC Hotels, Marriott, Airlines & Cruise Industry','Training kitchen, Food labs, Hostel, Library, Wi-Fi campus','This college offers professional hospitality training with strong practical exposure and industry-focused curriculum.','2026-04-27 13:18:04','2026-04-27 13:18:04',NULL,NULL,NULL,'Tier 3','3–4 years','Mandatory overseas and domestic internship programs with leading hotel chains.',NULL,NULL,NULL),(92,'St Francis Institute of Hotel Management',20,'Mumbai','Maharashtra','₹1,50,000 – ₹3,50,000 per year','Private',NULL,NULL,'BHM (Bachelor of Hotel Management), B.Sc Hospitality, Diploma in Hotel Management','NCHMCT JEE / MAH HM CET / Merit-based','Taj Hotels, Oberoi Group, ITC Hotels, Marriott, Airlines & Cruise Industry','Training kitchen, Food labs, Hostel, Library, Wi-Fi campus','This college offers professional hospitality training with strong practical exposure and industry-focused curriculum.','2026-04-27 13:18:04','2026-04-27 13:18:04',NULL,NULL,NULL,'Tier 3','3–4 years','Mandatory overseas and domestic internship programs with leading hotel chains.',NULL,NULL,NULL),(93,'International Institute of Hotel Management Pune',20,'Pune','Maharashtra','₹1,50,000 – ₹3,50,000 per year','Private',NULL,NULL,'BHM (Bachelor of Hotel Management), B.Sc Hospitality, Diploma in Hotel Management','NCHMCT JEE / MAH HM CET / Merit-based','Taj Hotels, Oberoi Group, ITC Hotels, Marriott, Airlines & Cruise Industry','Training kitchen, Food labs, Hostel, Library, Wi-Fi campus','This college offers professional hospitality training with strong practical exposure and industry-focused curriculum.','2026-04-27 13:18:04','2026-04-27 13:18:04',NULL,NULL,NULL,'Tier 3','3–4 years','Mandatory overseas and domestic internship programs with leading hotel chains.',NULL,NULL,NULL),(94,'UEI Global Pune',20,'Pune','Maharashtra','₹1,50,000 – ₹3,50,000 per year','Private',NULL,NULL,'BHM (Bachelor of Hotel Management), B.Sc Hospitality, Diploma in Hotel Management','NCHMCT JEE / MAH HM CET / Merit-based','Taj Hotels, Oberoi Group, ITC Hotels, Marriott, Airlines & Cruise Industry','Training kitchen, Food labs, Hostel, Library, Wi-Fi campus','This college offers professional hospitality training with strong practical exposure and industry-focused curriculum.','2026-04-27 13:18:04','2026-04-27 13:18:04',NULL,NULL,NULL,'Tier 3','3–4 years','Mandatory overseas and domestic internship programs with leading hotel chains.',NULL,NULL,NULL),(95,'SP Jain Institute of Management and Research',6,'Mumbai','Maharashtra','₹8,00,000 – ₹12,00,000 (Full Course)','Private',NULL,1,'MBA, BBA, PGDM','CAT / MAH MBA CET / Merit-based','TCS, Infosys, Deloitte, HDFC Bank, ICICI Bank','Smart classrooms, Library, Computer labs, Hostel, Wi-Fi campus','This college offers quality management education with industry-oriented curriculum and strong placement support.','2026-04-27 13:18:04','2026-04-27 13:18:04',NULL,NULL,NULL,NULL,NULL,NULL,'Finance, Marketing, HR, Operations, Business Analytics','₹18 LPA – ₹25 LPA',NULL),(96,'Indian Institute of Management Mumbai',6,'Mumbai','Maharashtra','₹2,00,000 – ₹6,00,000 (Full Course)','Government',NULL,2,'MBA, BBA, PGDM','CAT / MAH MBA CET / Merit-based','TCS, Infosys, Deloitte, HDFC Bank, ICICI Bank','Smart classrooms, Library, Computer labs, Hostel, Wi-Fi campus','This college offers quality management education with industry-oriented curriculum and strong placement support.','2026-04-27 13:18:04','2026-04-27 13:18:04',NULL,NULL,NULL,NULL,NULL,NULL,'Finance, Marketing, HR, Operations, Business Analytics','₹18 LPA – ₹25 LPA',NULL),(97,'Jamnalal Bajaj Institute of Management Studies',6,'Mumbai','Maharashtra','₹2,00,000 – ₹6,00,000 (Full Course)','Government',NULL,4,'MBA, BBA, PGDM','CAT / MAH MBA CET / Merit-based','TCS, Infosys, Deloitte, HDFC Bank, ICICI Bank','Smart classrooms, Library, Computer labs, Hostel, Wi-Fi campus','This college offers quality management education with industry-oriented curriculum and strong placement support.','2026-04-27 13:18:04','2026-04-27 13:18:04',NULL,NULL,NULL,NULL,NULL,NULL,'Finance, Marketing, HR, Operations, Business Analytics','₹18 LPA – ₹25 LPA',NULL),(98,'NMIMS School of Business Management',6,'Mumbai','Maharashtra','₹8,00,000 – ₹12,00,000 (Full Course)','Private',NULL,6,'MBA, BBA, PGDM','CAT / MAH MBA CET / Merit-based','TCS, Infosys, Deloitte, HDFC Bank, ICICI Bank','Smart classrooms, Library, Computer labs, Hostel, Wi-Fi campus','This college offers quality management education with industry-oriented curriculum and strong placement support.','2026-04-27 13:18:04','2026-04-27 13:18:04',NULL,NULL,NULL,NULL,NULL,NULL,'Finance, Marketing, HR, Operations, Business Analytics','₹12 LPA – ₹18 LPA',NULL),(99,'Shailesh J Mehta School of Management IIT Bombay',6,'Mumbai','Maharashtra','₹2,00,000 – ₹6,00,000 (Full Course)','Government',NULL,5,'MBA, BBA, PGDM','CAT / MAH MBA CET / Merit-based','TCS, Infosys, Deloitte, HDFC Bank, ICICI Bank','Smart classrooms, Library, Computer labs, Hostel, Wi-Fi campus','This college offers quality management education with industry-oriented curriculum and strong placement support.','2026-04-27 13:18:04','2026-04-27 13:18:04',NULL,NULL,NULL,NULL,NULL,NULL,'Finance, Marketing, HR, Operations, Business Analytics','₹18 LPA – ₹25 LPA',NULL),(100,'Tata Institute of Social Sciences',6,'Mumbai','Maharashtra','₹2,00,000 – ₹6,00,000 (Full Course)','Government',NULL,3,'MBA, BBA, PGDM','CAT / MAH MBA CET / Merit-based','TCS, Infosys, Deloitte, HDFC Bank, ICICI Bank','Smart classrooms, Library, Computer labs, Hostel, Wi-Fi campus','This college offers quality management education with industry-oriented curriculum and strong placement support.','2026-04-27 13:18:04','2026-04-27 13:18:04',NULL,NULL,NULL,NULL,NULL,NULL,'Finance, Marketing, HR, Operations, Business Analytics','₹18 LPA – ₹25 LPA',NULL),(101,'Symbiosis Institute of Business Management',6,'Pune','Maharashtra','₹8,00,000 – ₹12,00,000 (Full Course)','Private',NULL,7,'MBA, BBA, PGDM','CAT / MAH MBA CET / Merit-based','TCS, Infosys, Deloitte, HDFC Bank, ICICI Bank','Smart classrooms, Library, Computer labs, Hostel, Wi-Fi campus','This college offers quality management education with industry-oriented curriculum and strong placement support.','2026-04-27 13:18:04','2026-04-27 13:18:04',NULL,NULL,NULL,NULL,NULL,NULL,'Finance, Marketing, HR, Operations, Business Analytics','₹12 LPA – ₹18 LPA',NULL),(102,'Department of Management Sciences Savitribai Phule Pune University',6,'Pune','Maharashtra','₹2,00,000 – ₹6,00,000 (Full Course)','Government',NULL,10,'MBA, BBA, PGDM','CAT / MAH MBA CET / Merit-based','TCS, Infosys, Deloitte, HDFC Bank, ICICI Bank','Smart classrooms, Library, Computer labs, Hostel, Wi-Fi campus','This college offers quality management education with industry-oriented curriculum and strong placement support.','2026-04-27 13:18:04','2026-04-27 13:18:04',NULL,NULL,NULL,NULL,NULL,NULL,'Finance, Marketing, HR, Operations, Business Analytics','₹12 LPA – ₹18 LPA',NULL),(103,'National Institute of Bank Management',6,'Pune','Maharashtra','₹2,00,000 – ₹6,00,000 (Full Course)','Government',NULL,9,'MBA, BBA, PGDM','CAT / MAH MBA CET / Merit-based','TCS, Infosys, Deloitte, HDFC Bank, ICICI Bank','Smart classrooms, Library, Computer labs, Hostel, Wi-Fi campus','This college offers quality management education with industry-oriented curriculum and strong placement support.','2026-04-27 13:18:04','2026-04-27 13:18:04',NULL,NULL,NULL,NULL,NULL,NULL,'Finance, Marketing, HR, Operations, Business Analytics','₹12 LPA – ₹18 LPA',NULL),(104,'MIT World Peace University School of Management',6,'Pune','Maharashtra','₹8,00,000 – ₹12,00,000 (Full Course)','Private',NULL,NULL,'MBA, BBA, PGDM','CAT / MAH MBA CET / Merit-based','TCS, Infosys, Deloitte, HDFC Bank, ICICI Bank','Smart classrooms, Library, Computer labs, Hostel, Wi-Fi campus','This college offers quality management education with industry-oriented curriculum and strong placement support.','2026-04-27 13:18:04','2026-04-27 13:18:04',NULL,NULL,NULL,NULL,NULL,NULL,'Finance, Marketing, HR, Operations, Business Analytics','₹4 LPA – ₹10 LPA',NULL),(105,'Balaji Institute of Modern Management',6,'Pune','Maharashtra','₹8,00,000 – ₹12,00,000 (Full Course)','Private',NULL,NULL,'MBA, BBA, PGDM','CAT / MAH MBA CET / Merit-based','TCS, Infosys, Deloitte, HDFC Bank, ICICI Bank','Smart classrooms, Library, Computer labs, Hostel, Wi-Fi campus','This college offers quality management education with industry-oriented curriculum and strong placement support.','2026-04-27 13:18:04','2026-04-27 13:18:04',NULL,NULL,NULL,NULL,NULL,NULL,'Finance, Marketing, HR, Operations, Business Analytics','₹4 LPA – ₹10 LPA',NULL),(106,'Indian Institute of Management Nagpur',6,'Nagpur','Maharashtra','₹2,00,000 – ₹6,00,000 (Full Course)','Government',NULL,8,'MBA, BBA, PGDM','CAT / MAH MBA CET / Merit-based','TCS, Infosys, Deloitte, HDFC Bank, ICICI Bank','Smart classrooms, Library, Computer labs, Hostel, Wi-Fi campus','This college offers quality management education with industry-oriented curriculum and strong placement support.','2026-04-27 13:18:04','2026-04-27 13:18:04',NULL,NULL,NULL,NULL,NULL,NULL,'Finance, Marketing, HR, Operations, Business Analytics','₹12 LPA – ₹18 LPA',NULL),(107,'Institute of Management Technology Nagpur',6,'Nagpur','Maharashtra','₹8,00,000 – ₹12,00,000 (Full Course)','Private',NULL,NULL,'MBA, BBA, PGDM','CAT / MAH MBA CET / Merit-based','TCS, Infosys, Deloitte, HDFC Bank, ICICI Bank','Smart classrooms, Library, Computer labs, Hostel, Wi-Fi campus','This college offers quality management education with industry-oriented curriculum and strong placement support.','2026-04-27 13:18:04','2026-04-27 13:18:04',NULL,NULL,NULL,NULL,NULL,NULL,'Finance, Marketing, HR, Operations, Business Analytics','₹4 LPA – ₹10 LPA',NULL),(108,'GH Raisoni Institute of Management Studies',6,'Nagpur','Maharashtra','₹8,00,000 – ₹12,00,000 (Full Course)','Private',NULL,NULL,'MBA, BBA, PGDM','CAT / MAH MBA CET / Merit-based','TCS, Infosys, Deloitte, HDFC Bank, ICICI Bank','Smart classrooms, Library, Computer labs, Hostel, Wi-Fi campus','This college offers quality management education with industry-oriented curriculum and strong placement support.','2026-04-27 13:18:04','2026-04-27 13:18:04',NULL,NULL,NULL,NULL,NULL,NULL,'Finance, Marketing, HR, Operations, Business Analytics','₹4 LPA – ₹10 LPA',NULL),(109,'K K Wagh Institute of Engineering Education and Research Management',6,'Nashik','Maharashtra','₹8,00,000 – ₹12,00,000 (Full Course)','Private',NULL,NULL,'MBA, BBA, PGDM','CAT / MAH MBA CET / Merit-based','TCS, Infosys, Deloitte, HDFC Bank, ICICI Bank','Smart classrooms, Library, Computer labs, Hostel, Wi-Fi campus','This college offers quality management education with industry-oriented curriculum and strong placement support.','2026-04-27 13:18:04','2026-04-27 13:18:04',NULL,NULL,NULL,NULL,NULL,NULL,'Finance, Marketing, HR, Operations, Business Analytics','₹4 LPA – ₹10 LPA',NULL),(110,'Sandip University School of Management',6,'Nashik','Maharashtra','₹8,00,000 – ₹12,00,000 (Full Course)','Private',NULL,NULL,'MBA, BBA, PGDM','CAT / MAH MBA CET / Merit-based','TCS, Infosys, Deloitte, HDFC Bank, ICICI Bank','Smart classrooms, Library, Computer labs, Hostel, Wi-Fi campus','This college offers quality management education with industry-oriented curriculum and strong placement support.','2026-04-27 13:18:04','2026-04-27 13:18:04',NULL,NULL,NULL,NULL,NULL,NULL,'Finance, Marketing, HR, Operations, Business Analytics','₹4 LPA – ₹10 LPA',NULL),(111,'MET Institute of Management',6,'Nashik','Maharashtra','₹8,00,000 – ₹12,00,000 (Full Course)','Private',NULL,NULL,'MBA, BBA, PGDM','CAT / MAH MBA CET / Merit-based','TCS, Infosys, Deloitte, HDFC Bank, ICICI Bank','Smart classrooms, Library, Computer labs, Hostel, Wi-Fi campus','This college offers quality management education with industry-oriented curriculum and strong placement support.','2026-04-27 13:18:04','2026-04-27 13:18:04',NULL,NULL,NULL,NULL,NULL,NULL,'Finance, Marketing, HR, Operations, Business Analytics','₹4 LPA – ₹10 LPA',NULL),(112,'MIT School of Management Aurangabad',6,'Aurangabad','Maharashtra','₹8,00,000 – ₹12,00,000 (Full Course)','Private',NULL,NULL,'MBA, BBA, PGDM','CAT / MAH MBA CET / Merit-based','TCS, Infosys, Deloitte, HDFC Bank, ICICI Bank','Smart classrooms, Library, Computer labs, Hostel, Wi-Fi campus','This college offers quality management education with industry-oriented curriculum and strong placement support.','2026-04-27 13:18:04','2026-04-27 13:18:04',NULL,NULL,NULL,NULL,NULL,NULL,'Finance, Marketing, HR, Operations, Business Analytics','₹4 LPA – ₹10 LPA',NULL),(113,'Deogiri Institute of Engineering and Management Studies',6,'Aurangabad','Maharashtra','₹8,00,000 – ₹12,00,000 (Full Course)','Private',NULL,NULL,'MBA, BBA, PGDM','CAT / MAH MBA CET / Merit-based','TCS, Infosys, Deloitte, HDFC Bank, ICICI Bank','Smart classrooms, Library, Computer labs, Hostel, Wi-Fi campus','This college offers quality management education with industry-oriented curriculum and strong placement support.','2026-04-27 13:18:04','2026-04-27 13:18:04',NULL,NULL,NULL,NULL,NULL,NULL,'Finance, Marketing, HR, Operations, Business Analytics','₹4 LPA – ₹10 LPA',NULL),(114,'Sanjivani Institute of Management Studies',6,'Ahmednagar','Maharashtra','₹8,00,000 – ₹12,00,000 (Full Course)','Private',NULL,NULL,'MBA, BBA, PGDM','CAT / MAH MBA CET / Merit-based','TCS, Infosys, Deloitte, HDFC Bank, ICICI Bank','Smart classrooms, Library, Computer labs, Hostel, Wi-Fi campus','This college offers quality management education with industry-oriented curriculum and strong placement support.','2026-04-27 13:18:04','2026-04-27 13:18:04',NULL,NULL,NULL,NULL,NULL,NULL,'Finance, Marketing, HR, Operations, Business Analytics','₹4 LPA – ₹10 LPA',NULL),(115,'Amrutvahini Institute of Management and Business Administration',6,'Ahmednagar','Maharashtra','₹8,00,000 – ₹12,00,000 (Full Course)','Private',NULL,NULL,'MBA, BBA, PGDM','CAT / MAH MBA CET / Merit-based','TCS, Infosys, Deloitte, HDFC Bank, ICICI Bank','Smart classrooms, Library, Computer labs, Hostel, Wi-Fi campus','This college offers quality management education with industry-oriented curriculum and strong placement support.','2026-04-27 13:18:04','2026-04-27 13:18:04',NULL,NULL,NULL,NULL,NULL,NULL,'Finance, Marketing, HR, Operations, Business Analytics','₹4 LPA – ₹10 LPA',NULL),(116,'Shivaji University Department of Management',6,'Kolhapur','Maharashtra','₹2,00,000 – ₹6,00,000 (Full Course)','Government',NULL,NULL,'MBA, BBA, PGDM','CAT / MAH MBA CET / Merit-based','TCS, Infosys, Deloitte, HDFC Bank, ICICI Bank','Smart classrooms, Library, Computer labs, Hostel, Wi-Fi campus','This college offers quality management education with industry-oriented curriculum and strong placement support.','2026-04-27 13:18:04','2026-04-27 13:18:04',NULL,NULL,NULL,NULL,NULL,NULL,'Finance, Marketing, HR, Operations, Business Analytics','₹4 LPA – ₹10 LPA',NULL),(117,'DKTE Institute of Management',6,'Kolhapur','Maharashtra','₹8,00,000 – ₹12,00,000 (Full Course)','Private',NULL,NULL,'MBA, BBA, PGDM','CAT / MAH MBA CET / Merit-based','TCS, Infosys, Deloitte, HDFC Bank, ICICI Bank','Smart classrooms, Library, Computer labs, Hostel, Wi-Fi campus','This college offers quality management education with industry-oriented curriculum and strong placement support.','2026-04-27 13:18:04','2026-04-27 13:18:04',NULL,NULL,NULL,NULL,NULL,NULL,'Finance, Marketing, HR, Operations, Business Analytics','₹4 LPA – ₹10 LPA',NULL),(118,'Walchand Institute of Technology Management',6,'Sangli','Maharashtra','₹8,00,000 – ₹12,00,000 (Full Course)','Private',NULL,NULL,'MBA, BBA, PGDM','CAT / MAH MBA CET / Merit-based','TCS, Infosys, Deloitte, HDFC Bank, ICICI Bank','Smart classrooms, Library, Computer labs, Hostel, Wi-Fi campus','This college offers quality management education with industry-oriented curriculum and strong placement support.','2026-04-27 13:18:04','2026-04-27 13:18:04',NULL,NULL,NULL,NULL,NULL,NULL,'Finance, Marketing, HR, Operations, Business Analytics','₹4 LPA – ₹10 LPA',NULL),(119,'Rajarambapu Institute of Management',6,'Sangli','Maharashtra','₹8,00,000 – ₹12,00,000 (Full Course)','Private',NULL,NULL,'MBA, BBA, PGDM','CAT / MAH MBA CET / Merit-based','TCS, Infosys, Deloitte, HDFC Bank, ICICI Bank','Smart classrooms, Library, Computer labs, Hostel, Wi-Fi campus','This college offers quality management education with industry-oriented curriculum and strong placement support.','2026-04-27 13:18:04','2026-04-27 13:18:04',NULL,NULL,NULL,NULL,NULL,NULL,'Finance, Marketing, HR, Operations, Business Analytics','₹4 LPA – ₹10 LPA',NULL),(120,'SIES College of Management Studies',6,'Navi Mumbai','Maharashtra','₹8,00,000 – ₹12,00,000 (Full Course)','Private',NULL,NULL,'MBA, BBA, PGDM','CAT / MAH MBA CET / Merit-based','TCS, Infosys, Deloitte, HDFC Bank, ICICI Bank','Smart classrooms, Library, Computer labs, Hostel, Wi-Fi campus','This college offers quality management education with industry-oriented curriculum and strong placement support.','2026-04-27 13:18:04','2026-04-27 13:18:04',NULL,NULL,NULL,NULL,NULL,NULL,'Finance, Marketing, HR, Operations, Business Analytics','₹4 LPA – ₹10 LPA',NULL),(121,'ITM Business School Navi Mumbai',6,'Navi Mumbai','Maharashtra','₹8,00,000 – ₹12,00,000 (Full Course)','Private',NULL,NULL,'MBA, BBA, PGDM','CAT / MAH MBA CET / Merit-based','TCS, Infosys, Deloitte, HDFC Bank, ICICI Bank','Smart classrooms, Library, Computer labs, Hostel, Wi-Fi campus','This college offers quality management education with industry-oriented curriculum and strong placement support.','2026-04-27 13:18:04','2026-04-27 13:18:04',NULL,NULL,NULL,NULL,NULL,NULL,'Finance, Marketing, HR, Operations, Business Analytics','₹4 LPA – ₹10 LPA',NULL),(122,'Welingkar Institute of Management Development and Research',6,'Mumbai','Maharashtra','₹8,00,000 – ₹12,00,000 (Full Course)','Private',NULL,NULL,'MBA, BBA, PGDM','CAT / MAH MBA CET / Merit-based','TCS, Infosys, Deloitte, HDFC Bank, ICICI Bank','Smart classrooms, Library, Computer labs, Hostel, Wi-Fi campus','This college offers quality management education with industry-oriented curriculum and strong placement support.','2026-04-27 13:18:04','2026-04-27 13:18:04',NULL,NULL,NULL,NULL,NULL,NULL,'Finance, Marketing, HR, Operations, Business Analytics','₹4 LPA – ₹10 LPA',NULL),(123,'Institute of Chemical Technology',21,'Mumbai','Maharashtra','₹40,000 – ₹90,000 per year','Government',NULL,1,'Bachelor of Pharmacy (B.Pharm), Diploma in Pharmacy (D.Pharm)','MHT CET / GPAT / Merit-based','Cipla, Sun Pharma, Dr. Reddy\'s, Glenmark, Apollo Hospitals','Advanced Chemistry Labs, Herbal Garden, Library, Computer Centre, Hostel','This college offers quality pharmacy education with strong laboratory facilities and industry-oriented training.','2026-04-27 13:18:04','2026-04-27 13:18:04',NULL,NULL,NULL,NULL,'B.Pharm (4Y), D.Pharm (2Y)',NULL,NULL,'₹3 LPA – ₹8 LPA','MHRD-supported research labs with HPLC and Spectrophotometry equipment.'),(124,'Bombay College of Pharmacy',21,'Mumbai','Maharashtra','₹1,20,000 – ₹2,50,000 per year','Private',NULL,5,'Bachelor of Pharmacy (B.Pharm), Diploma in Pharmacy (D.Pharm)','MHT CET / GPAT / Merit-based','Cipla, Sun Pharma, Dr. Reddy\'s, Glenmark, Apollo Hospitals','Advanced Chemistry Labs, Herbal Garden, Library, Computer Centre, Hostel','This college offers quality pharmacy education with strong laboratory facilities and industry-oriented training.','2026-04-27 13:18:04','2026-04-27 13:18:04',NULL,NULL,NULL,NULL,'B.Pharm (4Y), D.Pharm (2Y)',NULL,NULL,'₹3 LPA – ₹8 LPA','MHRD-supported research labs with HPLC and Spectrophotometry equipment.'),(125,'SVKM\'s Dr Bhanuben Nanavati College of Pharmacy',21,'Mumbai','Maharashtra','₹1,20,000 – ₹2,50,000 per year','Private',NULL,NULL,'Bachelor of Pharmacy (B.Pharm), Diploma in Pharmacy (D.Pharm)','MHT CET / GPAT / Merit-based','Cipla, Sun Pharma, Dr. Reddy\'s, Glenmark, Apollo Hospitals','Advanced Chemistry Labs, Herbal Garden, Library, Computer Centre, Hostel','This college offers quality pharmacy education with strong laboratory facilities and industry-oriented training.','2026-04-27 13:18:04','2026-04-27 13:18:04',NULL,NULL,NULL,NULL,'B.Pharm (4Y), D.Pharm (2Y)',NULL,NULL,'₹3 LPA – ₹8 LPA','MHRD-supported research labs with HPLC and Spectrophotometry equipment.'),(126,'C U Shah College of Pharmacy',21,'Mumbai','Maharashtra','₹1,20,000 – ₹2,50,000 per year','Private',NULL,NULL,'Bachelor of Pharmacy (B.Pharm), Diploma in Pharmacy (D.Pharm)','MHT CET / GPAT / Merit-based','Cipla, Sun Pharma, Dr. Reddy\'s, Glenmark, Apollo Hospitals','Advanced Chemistry Labs, Herbal Garden, Library, Computer Centre, Hostel','This college offers quality pharmacy education with strong laboratory facilities and industry-oriented training.','2026-04-27 13:18:04','2026-04-27 13:18:04',NULL,NULL,NULL,NULL,'B.Pharm (4Y), D.Pharm (2Y)',NULL,NULL,'₹3 LPA – ₹8 LPA','MHRD-supported research labs with HPLC and Spectrophotometry equipment.'),(127,'Poona College of Pharmacy',21,'Pune','Maharashtra','₹1,20,000 – ₹2,50,000 per year','Private',NULL,3,'Bachelor of Pharmacy (B.Pharm), Diploma in Pharmacy (D.Pharm)','MHT CET / GPAT / Merit-based','Cipla, Sun Pharma, Dr. Reddy\'s, Glenmark, Apollo Hospitals','Advanced Chemistry Labs, Herbal Garden, Library, Computer Centre, Hostel','This college offers quality pharmacy education with strong laboratory facilities and industry-oriented training.','2026-04-27 13:18:04','2026-04-27 13:18:04',NULL,NULL,NULL,NULL,'B.Pharm (4Y), D.Pharm (2Y)',NULL,NULL,'₹3 LPA – ₹8 LPA','MHRD-supported research labs with HPLC and Spectrophotometry equipment.'),(128,'Dr D Y Patil Institute of Pharmaceutical Sciences and Research',21,'Pune','Maharashtra','₹1,20,000 – ₹2,50,000 per year','Private',NULL,4,'Bachelor of Pharmacy (B.Pharm), Diploma in Pharmacy (D.Pharm)','MHT CET / GPAT / Merit-based','Cipla, Sun Pharma, Dr. Reddy\'s, Glenmark, Apollo Hospitals','Advanced Chemistry Labs, Herbal Garden, Library, Computer Centre, Hostel','This college offers quality pharmacy education with strong laboratory facilities and industry-oriented training.','2026-04-27 13:18:04','2026-04-27 13:18:04',NULL,NULL,NULL,NULL,'B.Pharm (4Y), D.Pharm (2Y)',NULL,NULL,'₹3 LPA – ₹8 LPA','MHRD-supported research labs with HPLC and Spectrophotometry equipment.'),(129,'MIT World Peace University School of Pharmacy',21,'Pune','Maharashtra','₹1,20,000 – ₹2,50,000 per year','Private',NULL,NULL,'Bachelor of Pharmacy (B.Pharm), Diploma in Pharmacy (D.Pharm)','MHT CET / GPAT / Merit-based','Cipla, Sun Pharma, Dr. Reddy\'s, Glenmark, Apollo Hospitals','Advanced Chemistry Labs, Herbal Garden, Library, Computer Centre, Hostel','This college offers quality pharmacy education with strong laboratory facilities and industry-oriented training.','2026-04-27 13:18:04','2026-04-27 13:18:04',NULL,NULL,NULL,NULL,'B.Pharm (4Y), D.Pharm (2Y)',NULL,NULL,'₹3 LPA – ₹8 LPA','MHRD-supported research labs with HPLC and Spectrophotometry equipment.'),(130,'Sinhgad Institute of Pharmacy',21,'Pune','Maharashtra','₹1,20,000 – ₹2,50,000 per year','Private',NULL,NULL,'Bachelor of Pharmacy (B.Pharm), Diploma in Pharmacy (D.Pharm)','MHT CET / GPAT / Merit-based','Cipla, Sun Pharma, Dr. Reddy\'s, Glenmark, Apollo Hospitals','Advanced Chemistry Labs, Herbal Garden, Library, Computer Centre, Hostel','This college offers quality pharmacy education with strong laboratory facilities and industry-oriented training.','2026-04-27 13:18:04','2026-04-27 13:18:04',NULL,NULL,NULL,NULL,'B.Pharm (4Y), D.Pharm (2Y)',NULL,NULL,'₹3 LPA – ₹8 LPA','MHRD-supported research labs with HPLC and Spectrophotometry equipment.'),(131,'Rashtrasant Tukadoji Maharaj Nagpur University',21,'Nagpur','Maharashtra','₹40,000 – ₹90,000 per year','Government',NULL,NULL,'Bachelor of Pharmacy (B.Pharm), Diploma in Pharmacy (D.Pharm)','MHT CET / GPAT / Merit-based','Cipla, Sun Pharma, Dr. Reddy\'s, Glenmark, Apollo Hospitals','Advanced Chemistry Labs, Herbal Garden, Library, Computer Centre, Hostel','This college offers quality pharmacy education with strong laboratory facilities and industry-oriented training.','2026-04-27 13:18:04','2026-04-27 13:18:04',NULL,NULL,NULL,NULL,'B.Pharm (4Y), D.Pharm (2Y)',NULL,NULL,'₹3 LPA – ₹8 LPA','MHRD-supported research labs with HPLC and Spectrophotometry equipment.'),(132,'Smt Kishoritai Bhoyar College of Pharmacy',21,'Nagpur','Maharashtra','₹1,20,000 – ₹2,50,000 per year','Private',NULL,NULL,'Bachelor of Pharmacy (B.Pharm), Diploma in Pharmacy (D.Pharm)','MHT CET / GPAT / Merit-based','Cipla, Sun Pharma, Dr. Reddy\'s, Glenmark, Apollo Hospitals','Advanced Chemistry Labs, Herbal Garden, Library, Computer Centre, Hostel','This college offers quality pharmacy education with strong laboratory facilities and industry-oriented training.','2026-04-27 13:18:04','2026-04-27 13:18:04',NULL,NULL,NULL,NULL,'B.Pharm (4Y), D.Pharm (2Y)',NULL,NULL,'₹3 LPA – ₹8 LPA','MHRD-supported research labs with HPLC and Spectrophotometry equipment.'),(133,'Dadasaheb Balpande College of Pharmacy',21,'Nagpur','Maharashtra','₹1,20,000 – ₹2,50,000 per year','Private',NULL,NULL,'Bachelor of Pharmacy (B.Pharm), Diploma in Pharmacy (D.Pharm)','MHT CET / GPAT / Merit-based','Cipla, Sun Pharma, Dr. Reddy\'s, Glenmark, Apollo Hospitals','Advanced Chemistry Labs, Herbal Garden, Library, Computer Centre, Hostel','This college offers quality pharmacy education with strong laboratory facilities and industry-oriented training.','2026-04-27 13:18:04','2026-04-27 13:18:04',NULL,NULL,NULL,NULL,'B.Pharm (4Y), D.Pharm (2Y)',NULL,NULL,'₹3 LPA – ₹8 LPA','MHRD-supported research labs with HPLC and Spectrophotometry equipment.'),(134,'K K Wagh College of Pharmacy',21,'Nashik','Maharashtra','₹1,20,000 – ₹2,50,000 per year','Private',NULL,NULL,'Bachelor of Pharmacy (B.Pharm), Diploma in Pharmacy (D.Pharm)','MHT CET / GPAT / Merit-based','Cipla, Sun Pharma, Dr. Reddy\'s, Glenmark, Apollo Hospitals','Advanced Chemistry Labs, Herbal Garden, Library, Computer Centre, Hostel','This college offers quality pharmacy education with strong laboratory facilities and industry-oriented training.','2026-04-27 13:18:04','2026-04-27 13:18:04',NULL,NULL,NULL,NULL,'B.Pharm (4Y), D.Pharm (2Y)',NULL,NULL,'₹3 LPA – ₹8 LPA','MHRD-supported research labs with HPLC and Spectrophotometry equipment.'),(135,'R G Sapkal College of Pharmacy',21,'Nashik','Maharashtra','₹1,20,000 – ₹2,50,000 per year','Private',NULL,NULL,'Bachelor of Pharmacy (B.Pharm), Diploma in Pharmacy (D.Pharm)','MHT CET / GPAT / Merit-based','Cipla, Sun Pharma, Dr. Reddy\'s, Glenmark, Apollo Hospitals','Advanced Chemistry Labs, Herbal Garden, Library, Computer Centre, Hostel','This college offers quality pharmacy education with strong laboratory facilities and industry-oriented training.','2026-04-27 13:18:04','2026-04-27 13:18:04',NULL,NULL,NULL,NULL,'B.Pharm (4Y), D.Pharm (2Y)',NULL,NULL,'₹3 LPA – ₹8 LPA','MHRD-supported research labs with HPLC and Spectrophotometry equipment.'),(136,'Sandip Institute of Pharmaceutical Sciences',21,'Nashik','Maharashtra','₹1,20,000 – ₹2,50,000 per year','Private',NULL,NULL,'Bachelor of Pharmacy (B.Pharm), Diploma in Pharmacy (D.Pharm)','MHT CET / GPAT / Merit-based','Cipla, Sun Pharma, Dr. Reddy\'s, Glenmark, Apollo Hospitals','Advanced Chemistry Labs, Herbal Garden, Library, Computer Centre, Hostel','This college offers quality pharmacy education with strong laboratory facilities and industry-oriented training.','2026-04-27 13:18:04','2026-04-27 13:18:04',NULL,NULL,NULL,NULL,'B.Pharm (4Y), D.Pharm (2Y)',NULL,NULL,'₹3 LPA – ₹8 LPA','MHRD-supported research labs with HPLC and Spectrophotometry equipment.'),(137,'Sanjivani College of Pharmaceutical Education and Research',21,'Ahmednagar','Maharashtra','₹1,20,000 – ₹2,50,000 per year','Private',NULL,NULL,'Bachelor of Pharmacy (B.Pharm), Diploma in Pharmacy (D.Pharm)','MHT CET / GPAT / Merit-based','Cipla, Sun Pharma, Dr. Reddy\'s, Glenmark, Apollo Hospitals','Advanced Chemistry Labs, Herbal Garden, Library, Computer Centre, Hostel','This college offers quality pharmacy education with strong laboratory facilities and industry-oriented training.','2026-04-27 13:18:04','2026-04-27 13:18:04',NULL,NULL,NULL,NULL,'B.Pharm (4Y), D.Pharm (2Y)',NULL,NULL,'₹3 LPA – ₹8 LPA','MHRD-supported research labs with HPLC and Spectrophotometry equipment.'),(138,'Dr Vithalrao Vikhe Patil College of Pharmacy',21,'Ahmednagar','Maharashtra','₹1,20,000 – ₹2,50,000 per year','Private',NULL,NULL,'Bachelor of Pharmacy (B.Pharm), Diploma in Pharmacy (D.Pharm)','MHT CET / GPAT / Merit-based','Cipla, Sun Pharma, Dr. Reddy\'s, Glenmark, Apollo Hospitals','Advanced Chemistry Labs, Herbal Garden, Library, Computer Centre, Hostel','This college offers quality pharmacy education with strong laboratory facilities and industry-oriented training.','2026-04-27 13:18:04','2026-04-27 13:18:04',NULL,NULL,NULL,NULL,'B.Pharm (4Y), D.Pharm (2Y)',NULL,NULL,'₹3 LPA – ₹8 LPA','MHRD-supported research labs with HPLC and Spectrophotometry equipment.'),(139,'Y B Chavan College of Pharmacy',21,'Aurangabad','Maharashtra','₹1,20,000 – ₹2,50,000 per year','Private',NULL,NULL,'Bachelor of Pharmacy (B.Pharm), Diploma in Pharmacy (D.Pharm)','MHT CET / GPAT / Merit-based','Cipla, Sun Pharma, Dr. Reddy\'s, Glenmark, Apollo Hospitals','Advanced Chemistry Labs, Herbal Garden, Library, Computer Centre, Hostel','This college offers quality pharmacy education with strong laboratory facilities and industry-oriented training.','2026-04-27 13:18:04','2026-04-27 13:18:04',NULL,NULL,NULL,NULL,'B.Pharm (4Y), D.Pharm (2Y)',NULL,NULL,'₹3 LPA – ₹8 LPA','MHRD-supported research labs with HPLC and Spectrophotometry equipment.'),(140,'MGM College of Pharmacy',21,'Aurangabad','Maharashtra','₹1,20,000 – ₹2,50,000 per year','Private',NULL,NULL,'Bachelor of Pharmacy (B.Pharm), Diploma in Pharmacy (D.Pharm)','MHT CET / GPAT / Merit-based','Cipla, Sun Pharma, Dr. Reddy\'s, Glenmark, Apollo Hospitals','Advanced Chemistry Labs, Herbal Garden, Library, Computer Centre, Hostel','This college offers quality pharmacy education with strong laboratory facilities and industry-oriented training.','2026-04-27 13:18:04','2026-04-27 13:18:04',NULL,NULL,NULL,NULL,'B.Pharm (4Y), D.Pharm (2Y)',NULL,NULL,'₹3 LPA – ₹8 LPA','MHRD-supported research labs with HPLC and Spectrophotometry equipment.'),(141,'RC Patel Institute of Pharmaceutical Education and Research',21,'Dhule','Maharashtra','₹1,20,000 – ₹2,50,000 per year','Private',NULL,NULL,'Bachelor of Pharmacy (B.Pharm), Diploma in Pharmacy (D.Pharm)','MHT CET / GPAT / Merit-based','Cipla, Sun Pharma, Dr. Reddy\'s, Glenmark, Apollo Hospitals','Advanced Chemistry Labs, Herbal Garden, Library, Computer Centre, Hostel','This college offers quality pharmacy education with strong laboratory facilities and industry-oriented training.','2026-04-27 13:18:04','2026-04-27 13:18:04',NULL,NULL,NULL,NULL,'B.Pharm (4Y), D.Pharm (2Y)',NULL,NULL,'₹3 LPA – ₹8 LPA','MHRD-supported research labs with HPLC and Spectrophotometry equipment.'),(142,'SSBT College of Pharmacy',21,'Jalgaon','Maharashtra','₹1,20,000 – ₹2,50,000 per year','Private',NULL,NULL,'Bachelor of Pharmacy (B.Pharm), Diploma in Pharmacy (D.Pharm)','MHT CET / GPAT / Merit-based','Cipla, Sun Pharma, Dr. Reddy\'s, Glenmark, Apollo Hospitals','Advanced Chemistry Labs, Herbal Garden, Library, Computer Centre, Hostel','This college offers quality pharmacy education with strong laboratory facilities and industry-oriented training.','2026-04-27 13:18:04','2026-04-27 13:18:04',NULL,NULL,NULL,NULL,'B.Pharm (4Y), D.Pharm (2Y)',NULL,NULL,'₹3 LPA – ₹8 LPA','MHRD-supported research labs with HPLC and Spectrophotometry equipment.'),(143,'Bharati Vidyapeeth College of Pharmacy Kolhapur',21,'Kolhapur','Maharashtra','₹1,20,000 – ₹2,50,000 per year','Private',NULL,NULL,'Bachelor of Pharmacy (B.Pharm), Diploma in Pharmacy (D.Pharm)','MHT CET / GPAT / Merit-based','Cipla, Sun Pharma, Dr. Reddy\'s, Glenmark, Apollo Hospitals','Advanced Chemistry Labs, Herbal Garden, Library, Computer Centre, Hostel','This college offers quality pharmacy education with strong laboratory facilities and industry-oriented training.','2026-04-27 13:18:04','2026-04-27 13:18:04',NULL,NULL,NULL,NULL,'B.Pharm (4Y), D.Pharm (2Y)',NULL,NULL,'₹3 LPA – ₹8 LPA','MHRD-supported research labs with HPLC and Spectrophotometry equipment.'),(144,'Rajarambapu College of Pharmacy',21,'Sangli','Maharashtra','₹1,20,000 – ₹2,50,000 per year','Private',NULL,NULL,'Bachelor of Pharmacy (B.Pharm), Diploma in Pharmacy (D.Pharm)','MHT CET / GPAT / Merit-based','Cipla, Sun Pharma, Dr. Reddy\'s, Glenmark, Apollo Hospitals','Advanced Chemistry Labs, Herbal Garden, Library, Computer Centre, Hostel','This college offers quality pharmacy education with strong laboratory facilities and industry-oriented training.','2026-04-27 13:18:04','2026-04-27 13:18:04',NULL,NULL,NULL,NULL,'B.Pharm (4Y), D.Pharm (2Y)',NULL,NULL,'₹3 LPA – ₹8 LPA','MHRD-supported research labs with HPLC and Spectrophotometry equipment.'),(145,'College of Pharmacy Solapur',21,'Solapur','Maharashtra','₹1,20,000 – ₹2,50,000 per year','Private',NULL,NULL,'Bachelor of Pharmacy (B.Pharm), Diploma in Pharmacy (D.Pharm)','MHT CET / GPAT / Merit-based','Cipla, Sun Pharma, Dr. Reddy\'s, Glenmark, Apollo Hospitals','Advanced Chemistry Labs, Herbal Garden, Library, Computer Centre, Hostel','This college offers quality pharmacy education with strong laboratory facilities and industry-oriented training.','2026-04-27 13:18:04','2026-04-27 13:18:04',NULL,NULL,NULL,NULL,'B.Pharm (4Y), D.Pharm (2Y)',NULL,NULL,'₹3 LPA – ₹8 LPA','MHRD-supported research labs with HPLC and Spectrophotometry equipment.'),(146,'Tilak Ayurved Mahavidyalaya',22,'Pune','Maharashtra','₹2,00,000 – ₹6,00,000/yr','Private',NULL,NULL,'BAMS (Medical Science)','NEET-based Enrollment','Private practice, Hospitals, Clinics, Wellness centers','Labs, Library, Hostel, Hospital training, Wi-Fi campus','This college provides quality education in alternative medical science with strong clinical exposure and experienced faculty.','2026-04-27 13:18:04','2026-04-27 13:18:04','Attached Teaching Hospital / Clinical Training ward',NULL,NULL,NULL,'5–5.5 years',NULL,NULL,NULL,NULL),(147,'Government Ayurved College Nagpur',22,'Nagpur','Maharashtra','₹50,000 – ₹1,50,000/yr','Government',NULL,NULL,'BAMS (Medical Science)','NEET-based Enrollment','Private practice, Hospitals, Clinics, Wellness centers','Labs, Library, Hostel, Hospital training, Wi-Fi campus','This college provides quality education in alternative medical science with strong clinical exposure and experienced faculty.','2026-04-27 13:18:04','2026-04-27 13:18:04','Attached Teaching Hospital / Clinical Training ward',NULL,NULL,NULL,'5–5.5 years',NULL,NULL,NULL,NULL),(148,'R A Podar Ayurved Medical College',22,'Mumbai','Maharashtra','₹50,000 – ₹1,50,000/yr','Government',NULL,NULL,'BAMS (Medical Science)','NEET-based Enrollment','Private practice, Hospitals, Clinics, Wellness centers','Labs, Library, Hostel, Hospital training, Wi-Fi campus','This college provides quality education in alternative medical science with strong clinical exposure and experienced faculty.','2026-04-27 13:18:04','2026-04-27 13:18:04','Attached Teaching Hospital / Clinical Training ward',NULL,NULL,NULL,'5–5.5 years',NULL,NULL,NULL,NULL),(149,'Bharati Vidyapeeth College of Ayurved',22,'Pune','Maharashtra','₹2,00,000 – ₹6,00,000/yr','Private',NULL,NULL,'BAMS (Medical Science)','NEET-based Enrollment','Private practice, Hospitals, Clinics, Wellness centers','Labs, Library, Hostel, Hospital training, Wi-Fi campus','This college provides quality education in alternative medical science with strong clinical exposure and experienced faculty.','2026-04-27 13:18:04','2026-04-27 13:18:04','Attached Teaching Hospital / Clinical Training ward',NULL,NULL,NULL,'5–5.5 years',NULL,NULL,NULL,NULL),(150,'SMBT Ayurved College',22,'Nashik','Maharashtra','₹2,00,000 – ₹6,00,000/yr','Private',NULL,NULL,'BAMS (Medical Science)','NEET-based Enrollment','Private practice, Hospitals, Clinics, Wellness centers','Labs, Library, Hostel, Hospital training, Wi-Fi campus','This college provides quality education in alternative medical science with strong clinical exposure and experienced faculty.','2026-04-27 13:18:04','2026-04-27 13:18:04','Attached Teaching Hospital / Clinical Training ward',NULL,NULL,NULL,'5–5.5 years',NULL,NULL,NULL,NULL),(151,'CMPH Medical College',22,'Mumbai','Maharashtra','₹2,00,000 – ₹6,00,000/yr','Private',NULL,NULL,'BHMS (Medical Science)','NEET-based Enrollment','Private practice, Hospitals, Clinics, Wellness centers','Labs, Library, Hostel, Hospital training, Wi-Fi campus','This college provides quality education in alternative medical science with strong clinical exposure and experienced faculty.','2026-04-27 13:18:04','2026-04-27 13:18:04','Attached Teaching Hospital / Clinical Training ward',NULL,NULL,NULL,'5–5.5 years',NULL,NULL,NULL,NULL),(152,'Foster Development Homeopathic Medical College',22,'Aurangabad','Maharashtra','₹2,00,000 – ₹6,00,000/yr','Private',NULL,NULL,'BHMS (Medical Science)','NEET-based Enrollment','Private practice, Hospitals, Clinics, Wellness centers','Labs, Library, Hostel, Hospital training, Wi-Fi campus','This college provides quality education in alternative medical science with strong clinical exposure and experienced faculty.','2026-04-27 13:18:04','2026-04-27 13:18:04','Attached Teaching Hospital / Clinical Training ward',NULL,NULL,NULL,'5–5.5 years',NULL,NULL,NULL,NULL),(153,'Bharati Vidyapeeth Homeopathic Medical College',22,'Pune','Maharashtra','₹2,00,000 – ₹6,00,000/yr','Private',NULL,NULL,'BHMS (Medical Science)','NEET-based Enrollment','Private practice, Hospitals, Clinics, Wellness centers','Labs, Library, Hostel, Hospital training, Wi-Fi campus','This college provides quality education in alternative medical science with strong clinical exposure and experienced faculty.','2026-04-27 13:18:04','2026-04-27 13:18:04','Attached Teaching Hospital / Clinical Training ward',NULL,NULL,NULL,'5–5.5 years',NULL,NULL,NULL,NULL),(154,'SMBT Homeopathic Medical College',22,'Nashik','Maharashtra','₹2,00,000 – ₹6,00,000/yr','Private',NULL,NULL,'BHMS (Medical Science)','NEET-based Enrollment','Private practice, Hospitals, Clinics, Wellness centers','Labs, Library, Hostel, Hospital training, Wi-Fi campus','This college provides quality education in alternative medical science with strong clinical exposure and experienced faculty.','2026-04-27 13:18:04','2026-04-27 13:18:04','Attached Teaching Hospital / Clinical Training ward',NULL,NULL,NULL,'5–5.5 years',NULL,NULL,NULL,NULL),(155,'DKMM Homeopathic Medical College',22,'Aurangabad','Maharashtra','₹2,00,000 – ₹6,00,000/yr','Private',NULL,NULL,'BHMS (Medical Science)','NEET-based Enrollment','Private practice, Hospitals, Clinics, Wellness centers','Labs, Library, Hostel, Hospital training, Wi-Fi campus','This college provides quality education in alternative medical science with strong clinical exposure and experienced faculty.','2026-04-27 13:18:04','2026-04-27 13:18:04','Attached Teaching Hospital / Clinical Training ward',NULL,NULL,NULL,'5–5.5 years',NULL,NULL,NULL,NULL),(156,'ZVM Unani Medical College',22,'Pune','Maharashtra','₹2,00,000 – ₹6,00,000/yr','Private',NULL,NULL,'BUMS (Medical Science)','NEET-based Enrollment','Private practice, Hospitals, Clinics, Wellness centers','Labs, Library, Hostel, Hospital training, Wi-Fi campus','This college provides quality education in alternative medical science with strong clinical exposure and experienced faculty.','2026-04-27 13:18:04','2026-04-27 13:18:04','Attached Teaching Hospital / Clinical Training ward',NULL,NULL,NULL,'5–5.5 years',NULL,NULL,NULL,NULL),(157,'Iqra Unani Medical College',22,'Jalgaon','Maharashtra','₹2,00,000 – ₹6,00,000/yr','Private',NULL,NULL,'BUMS (Medical Science)','NEET-based Enrollment','Private practice, Hospitals, Clinics, Wellness centers','Labs, Library, Hostel, Hospital training, Wi-Fi campus','This college provides quality education in alternative medical science with strong clinical exposure and experienced faculty.','2026-04-27 13:18:04','2026-04-27 13:18:04','Attached Teaching Hospital / Clinical Training ward',NULL,NULL,NULL,'5–5.5 years',NULL,NULL,NULL,NULL),(158,'Mahatma Gandhi Mission Naturopathy College',22,'Navi Mumbai','Maharashtra','₹2,00,000 – ₹6,00,000/yr','Private',NULL,NULL,'BNYS (Medical Science)','NEET-based Enrollment','Private practice, Hospitals, Clinics, Wellness centers','Labs, Library, Hostel, Hospital training, Wi-Fi campus','This college provides quality education in alternative medical science with strong clinical exposure and experienced faculty.','2026-04-27 13:18:04','2026-04-27 13:18:04','Attached Teaching Hospital / Clinical Training ward',NULL,NULL,NULL,'5–5.5 years',NULL,NULL,NULL,NULL),(159,'Bharati Vidyapeeth BNYS College',22,'Pune','Maharashtra','₹2,00,000 – ₹6,00,000/yr','Private',NULL,NULL,'BNYS (Medical Science)','NEET-based Enrollment','Private practice, Hospitals, Clinics, Wellness centers','Labs, Library, Hostel, Hospital training, Wi-Fi campus','This college provides quality education in alternative medical science with strong clinical exposure and experienced faculty.','2026-04-27 13:18:04','2026-04-27 13:18:04','Attached Teaching Hospital / Clinical Training ward',NULL,NULL,NULL,'5–5.5 years',NULL,NULL,NULL,NULL),(160,'Seth GS Medical College Physiotherapy',22,'Mumbai','Maharashtra','₹50,000 – ₹1,50,000/yr','Government',NULL,NULL,'BPT (Medical Science)','NEET-based Enrollment','Private practice, Hospitals, Clinics, Wellness centers','Labs, Library, Hostel, Hospital training, Wi-Fi campus','This college provides quality education in alternative medical science with strong clinical exposure and experienced faculty.','2026-04-27 13:18:04','2026-04-27 13:18:04','Attached Teaching Hospital / Clinical Training ward',NULL,NULL,NULL,'4.5 years',NULL,NULL,NULL,NULL),(161,'KEM Hospital Physiotherapy College',22,'Mumbai','Maharashtra','₹50,000 – ₹1,50,000/yr','Government',NULL,NULL,'BPT (Medical Science)','NEET-based Enrollment','Private practice, Hospitals, Clinics, Wellness centers','Labs, Library, Hostel, Hospital training, Wi-Fi campus','This college provides quality education in alternative medical science with strong clinical exposure and experienced faculty.','2026-04-27 13:18:04','2026-04-27 13:18:04','Attached Teaching Hospital / Clinical Training ward',NULL,NULL,NULL,'4.5 years',NULL,NULL,NULL,NULL),(162,'Bharati Vidyapeeth Physiotherapy College',22,'Pune','Maharashtra','₹2,00,000 – ₹6,00,000/yr','Private',NULL,NULL,'BPT (Medical Science)','NEET-based Enrollment','Private practice, Hospitals, Clinics, Wellness centers','Labs, Library, Hostel, Hospital training, Wi-Fi campus','This college provides quality education in alternative medical science with strong clinical exposure and experienced faculty.','2026-04-27 13:18:04','2026-04-27 13:18:04','Attached Teaching Hospital / Clinical Training ward',NULL,NULL,NULL,'4.5 years',NULL,NULL,NULL,NULL),(163,'DY Patil College of Physiotherapy',22,'Pune','Maharashtra','₹2,00,000 – ₹6,00,000/yr','Private',NULL,NULL,'BPT (Medical Science)','NEET-based Enrollment','Private practice, Hospitals, Clinics, Wellness centers','Labs, Library, Hostel, Hospital training, Wi-Fi campus','This college provides quality education in alternative medical science with strong clinical exposure and experienced faculty.','2026-04-27 13:18:04','2026-04-27 13:18:04','Attached Teaching Hospital / Clinical Training ward',NULL,NULL,NULL,'4.5 years',NULL,NULL,NULL,NULL),(164,'Government Dental College Mumbai',22,'Mumbai','Maharashtra','₹50,000 – ₹1,50,000/yr','Government',NULL,NULL,'BDS (Medical Science)','NEET-based Enrollment','Private practice, Hospitals, Clinics, Wellness centers','Labs, Library, Hostel, Hospital training, Wi-Fi campus','This college provides quality education in alternative medical science with strong clinical exposure and experienced faculty.','2026-04-27 13:18:04','2026-04-27 13:18:04','Attached Teaching Hospital / Clinical Training ward',NULL,NULL,NULL,'5–5.5 years',NULL,NULL,NULL,NULL),(165,'Nair Hospital Dental College',22,'Mumbai','Maharashtra','₹50,000 – ₹1,50,000/yr','Government',NULL,NULL,'BDS (Medical Science)','NEET-based Enrollment','Private practice, Hospitals, Clinics, Wellness centers','Labs, Library, Hostel, Hospital training, Wi-Fi campus','This college provides quality education in alternative medical science with strong clinical exposure and experienced faculty.','2026-04-27 13:18:04','2026-04-27 13:18:04','Attached Teaching Hospital / Clinical Training ward',NULL,NULL,NULL,'5–5.5 years',NULL,NULL,NULL,NULL),(166,'Bharati Vidyapeeth Dental College',22,'Pune','Maharashtra','₹2,00,000 – ₹6,00,000/yr','Private',NULL,NULL,'BDS (Medical Science)','NEET-based Enrollment','Private practice, Hospitals, Clinics, Wellness centers','Labs, Library, Hostel, Hospital training, Wi-Fi campus','This college provides quality education in alternative medical science with strong clinical exposure and experienced faculty.','2026-04-27 13:18:04','2026-04-27 13:18:04','Attached Teaching Hospital / Clinical Training ward',NULL,NULL,NULL,'5–5.5 years',NULL,NULL,NULL,NULL),(167,'DY Patil Dental College',22,'Pune','Maharashtra','₹2,00,000 – ₹6,00,000/yr','Private',NULL,NULL,'BDS (Medical Science)','NEET-based Enrollment','Private practice, Hospitals, Clinics, Wellness centers','Labs, Library, Hostel, Hospital training, Wi-Fi campus','This college provides quality education in alternative medical science with strong clinical exposure and experienced faculty.','2026-04-27 13:18:04','2026-04-27 13:18:04','Attached Teaching Hospital / Clinical Training ward',NULL,NULL,NULL,'5–5.5 years',NULL,NULL,NULL,NULL),(168,'Mithibai College of Arts & Science',3,'Mumbai','Maharashtra','₹40,000 – ₹1,50,000 per year','Private',NULL,NULL,'B.Sc / M.Sc in Physics, Chemistry, Biotechnology, IT, Mathematics','Merit-based (12th Marks)','CSIR Labs, IT Companies, Chemical Industries, Pharmaceuticals, Coaching Institutes','Advanced Laboratories, Central Library, Research Centers, Hostel, Sports Complex','This college offers quality science education with strong academic foundation and laboratory-based learning.','2026-04-27 13:18:04','2026-04-27 13:18:04',NULL,NULL,NULL,NULL,NULL,NULL,'Pure Sciences, Data Science, Biotechnology, Micro-Biology','₹2 LPA – ₹6 LPA (Research Stipends extra)','Well-equipped labs for Physics, Chemistry, and Biology experiments.'),(169,'Kishinchand Chellaram College (KC College)',3,'Mumbai','Maharashtra','₹40,000 – ₹1,50,000 per year','Private',NULL,NULL,'B.Sc / M.Sc in Physics, Chemistry, Biotechnology, IT, Mathematics','Merit-based (12th Marks)','CSIR Labs, IT Companies, Chemical Industries, Pharmaceuticals, Coaching Institutes','Advanced Laboratories, Central Library, Research Centers, Hostel, Sports Complex','This college offers quality science education with strong academic foundation and laboratory-based learning.','2026-04-27 13:18:04','2026-04-27 13:18:04',NULL,NULL,NULL,NULL,NULL,NULL,'Pure Sciences, Data Science, Biotechnology, Micro-Biology','₹2 LPA – ₹6 LPA (Research Stipends extra)','Well-equipped labs for Physics, Chemistry, and Biology experiments.'),(170,'Sophia College for Women',3,'Mumbai','Maharashtra','₹40,000 – ₹1,50,000 per year','Private',NULL,NULL,'B.Sc / M.Sc in Physics, Chemistry, Biotechnology, IT, Mathematics','Merit-based (12th Marks)','CSIR Labs, IT Companies, Chemical Industries, Pharmaceuticals, Coaching Institutes','Advanced Laboratories, Central Library, Research Centers, Hostel, Sports Complex','This college offers quality science education with strong academic foundation and laboratory-based learning.','2026-04-27 13:18:04','2026-04-27 13:18:04',NULL,NULL,NULL,NULL,NULL,NULL,'Pure Sciences, Data Science, Biotechnology, Micro-Biology','₹2 LPA – ₹6 LPA (Research Stipends extra)','Well-equipped labs for Physics, Chemistry, and Biology experiments.'),(171,'K J Somaiya College of Science and Commerce',3,'Mumbai','Maharashtra','₹40,000 – ₹1,50,000 per year','Private',NULL,NULL,'B.Sc / M.Sc in Physics, Chemistry, Biotechnology, IT, Mathematics','Merit-based (12th Marks)','CSIR Labs, IT Companies, Chemical Industries, Pharmaceuticals, Coaching Institutes','Advanced Laboratories, Central Library, Research Centers, Hostel, Sports Complex','This college offers quality science education with strong academic foundation and laboratory-based learning.','2026-04-27 13:18:04','2026-04-27 13:18:04',NULL,NULL,NULL,NULL,NULL,NULL,'Pure Sciences, Data Science, Biotechnology, Micro-Biology','₹2 LPA – ₹6 LPA (Research Stipends extra)','Well-equipped labs for Physics, Chemistry, and Biology experiments.'),(172,'Ramnarain Ruia Autonomous College',3,'Mumbai','Maharashtra','₹40,000 – ₹1,50,000 per year','Private',NULL,NULL,'B.Sc / M.Sc in Physics, Chemistry, Biotechnology, IT, Mathematics','Merit-based (12th Marks)','CSIR Labs, IT Companies, Chemical Industries, Pharmaceuticals, Coaching Institutes','Advanced Laboratories, Central Library, Research Centers, Hostel, Sports Complex','This college offers quality science education with strong academic foundation and laboratory-based learning.','2026-04-27 13:18:04','2026-04-27 13:18:04',NULL,NULL,NULL,NULL,NULL,NULL,'Pure Sciences, Data Science, Biotechnology, Micro-Biology','₹2 LPA – ₹6 LPA (Research Stipends extra)','Well-equipped labs for Physics, Chemistry, and Biology experiments.'),(173,'Wilson College',3,'Mumbai','Maharashtra','₹40,000 – ₹1,50,000 per year','Private',NULL,NULL,'B.Sc / M.Sc in Physics, Chemistry, Biotechnology, IT, Mathematics','Merit-based (12th Marks)','CSIR Labs, IT Companies, Chemical Industries, Pharmaceuticals, Coaching Institutes','Advanced Laboratories, Central Library, Research Centers, Hostel, Sports Complex','This college offers quality science education with strong academic foundation and laboratory-based learning.','2026-04-27 13:18:04','2026-04-27 13:18:04',NULL,NULL,NULL,NULL,NULL,NULL,'Pure Sciences, Data Science, Biotechnology, Micro-Biology','₹2 LPA – ₹6 LPA (Research Stipends extra)','Well-equipped labs for Physics, Chemistry, and Biology experiments.'),(174,'Indian Institute of Technology Bombay',3,'Mumbai','Maharashtra','₹50,000 – ₹2,50,000 (Stipend provided for Research)','Government',NULL,1,'B.Sc / M.Sc in Physics, Chemistry, Biotechnology, IT, Mathematics','GATE / NET / IIT-JAM','CSIR Labs, IT Companies, Chemical Industries, Pharmaceuticals, Coaching Institutes','Advanced Laboratories, Central Library, Research Centers, Hostel, Sports Complex','This college offers quality science education with strong academic foundation and laboratory-based learning.','2026-04-27 13:18:04','2026-04-27 13:18:04',NULL,NULL,NULL,NULL,NULL,NULL,'Pure Sciences, Data Science, Biotechnology, Micro-Biology','₹2 LPA – ₹6 LPA (Research Stipends extra)','Dedicated Research Labs, High-Performance Computing, Global Collaborations'),(175,'Tata Institute of Fundamental Research (TIFR Mumbai)',3,'Mumbai','Maharashtra','₹50,000 – ₹2,50,000 (Stipend provided for Research)','Government',NULL,1,'B.Sc / M.Sc in Physics, Chemistry, Biotechnology, IT, Mathematics','GATE / NET / IIT-JAM','CSIR Labs, IT Companies, Chemical Industries, Pharmaceuticals, Coaching Institutes','Advanced Laboratories, Central Library, Research Centers, Hostel, Sports Complex','This college offers quality science education with strong academic foundation and laboratory-based learning.','2026-04-27 13:18:04','2026-04-27 13:18:04',NULL,NULL,NULL,NULL,NULL,NULL,'Pure Sciences, Data Science, Biotechnology, Micro-Biology','₹2 LPA – ₹6 LPA (Research Stipends extra)','Dedicated Research Labs, High-Performance Computing, Global Collaborations'),(176,'Fergusson College (Autonomous)',3,'Pune','Maharashtra','₹40,000 – ₹1,50,000 per year','Private',NULL,NULL,'B.Sc / M.Sc in Physics, Chemistry, Biotechnology, IT, Mathematics','Merit-based (12th Marks)','CSIR Labs, IT Companies, Chemical Industries, Pharmaceuticals, Coaching Institutes','Advanced Laboratories, Central Library, Research Centers, Hostel, Sports Complex','This college offers quality science education with strong academic foundation and laboratory-based learning.','2026-04-27 13:18:04','2026-04-27 13:18:04',NULL,NULL,NULL,NULL,NULL,NULL,'Pure Sciences, Data Science, Biotechnology, Micro-Biology','₹2 LPA – ₹6 LPA (Research Stipends extra)','Well-equipped labs for Physics, Chemistry, and Biology experiments.'),(177,'Nowrosjee Wadia College',3,'Pune','Maharashtra','₹40,000 – ₹1,50,000 per year','Private',NULL,NULL,'B.Sc / M.Sc in Physics, Chemistry, Biotechnology, IT, Mathematics','Merit-based (12th Marks)','CSIR Labs, IT Companies, Chemical Industries, Pharmaceuticals, Coaching Institutes','Advanced Laboratories, Central Library, Research Centers, Hostel, Sports Complex','This college offers quality science education with strong academic foundation and laboratory-based learning.','2026-04-27 13:18:04','2026-04-27 13:18:04',NULL,NULL,NULL,NULL,NULL,NULL,'Pure Sciences, Data Science, Biotechnology, Micro-Biology','₹2 LPA – ₹6 LPA (Research Stipends extra)','Well-equipped labs for Physics, Chemistry, and Biology experiments.'),(178,'Modern College of Arts, Science and Commerce',3,'Pune','Maharashtra','₹40,000 – ₹1,50,000 per year','Private',NULL,NULL,'B.Sc / M.Sc in Physics, Chemistry, Biotechnology, IT, Mathematics','Merit-based (12th Marks)','CSIR Labs, IT Companies, Chemical Industries, Pharmaceuticals, Coaching Institutes','Advanced Laboratories, Central Library, Research Centers, Hostel, Sports Complex','This college offers quality science education with strong academic foundation and laboratory-based learning.','2026-04-27 13:18:04','2026-04-27 13:18:04',NULL,NULL,NULL,NULL,NULL,NULL,'Pure Sciences, Data Science, Biotechnology, Micro-Biology','₹2 LPA – ₹6 LPA (Research Stipends extra)','Well-equipped labs for Physics, Chemistry, and Biology experiments.'),(179,'MIT World Peace University (School of Science)',3,'Pune','Maharashtra','₹40,000 – ₹1,50,000 per year','Private',NULL,NULL,'B.Sc / M.Sc in Physics, Chemistry, Biotechnology, IT, Mathematics','Merit-based (12th Marks)','CSIR Labs, IT Companies, Chemical Industries, Pharmaceuticals, Coaching Institutes','Advanced Laboratories, Central Library, Research Centers, Hostel, Sports Complex','This college offers quality science education with strong academic foundation and laboratory-based learning.','2026-04-27 13:18:04','2026-04-27 13:18:04',NULL,NULL,NULL,NULL,NULL,NULL,'Pure Sciences, Data Science, Biotechnology, Micro-Biology','₹2 LPA – ₹6 LPA (Research Stipends extra)','Well-equipped labs for Physics, Chemistry, and Biology experiments.'),(180,'Symbiosis School for Liberal Arts',3,'Pune','Maharashtra','₹40,000 – ₹1,50,000 per year','Private',NULL,NULL,'B.Sc / M.Sc in Physics, Chemistry, Biotechnology, IT, Mathematics','Merit-based (12th Marks)','CSIR Labs, IT Companies, Chemical Industries, Pharmaceuticals, Coaching Institutes','Advanced Laboratories, Central Library, Research Centers, Hostel, Sports Complex','This college offers quality science education with strong academic foundation and laboratory-based learning.','2026-04-27 13:18:04','2026-04-27 13:18:04',NULL,NULL,NULL,NULL,NULL,NULL,'Pure Sciences, Data Science, Biotechnology, Micro-Biology','₹2 LPA – ₹6 LPA (Research Stipends extra)','Well-equipped labs for Physics, Chemistry, and Biology experiments.'),(181,'Indian Institute of Science Education and Research Pune (IISER Pune)',3,'Pune','Maharashtra','₹50,000 – ₹2,50,000 (Stipend provided for Research)','Government',NULL,1,'B.Sc / M.Sc in Physics, Chemistry, Biotechnology, IT, Mathematics','GATE / NET / IIT-JAM','CSIR Labs, IT Companies, Chemical Industries, Pharmaceuticals, Coaching Institutes','Advanced Laboratories, Central Library, Research Centers, Hostel, Sports Complex','This college offers quality science education with strong academic foundation and laboratory-based learning.','2026-04-27 13:18:04','2026-04-27 13:18:04',NULL,NULL,NULL,NULL,NULL,NULL,'Pure Sciences, Data Science, Biotechnology, Micro-Biology','₹2 LPA – ₹6 LPA (Research Stipends extra)','Dedicated Research Labs, High-Performance Computing, Global Collaborations'),(182,'Institute of Science Nagpur',3,'Nagpur','Maharashtra','₹8,000 – ₹30,000 per year','Government',NULL,NULL,'B.Sc / M.Sc in Physics, Chemistry, Biotechnology, IT, Mathematics','Merit-based (12th Marks)','CSIR Labs, IT Companies, Chemical Industries, Pharmaceuticals, Coaching Institutes','Advanced Laboratories, Central Library, Research Centers, Hostel, Sports Complex','This college offers quality science education with strong academic foundation and laboratory-based learning.','2026-04-27 13:18:04','2026-04-27 13:18:04',NULL,NULL,NULL,NULL,NULL,NULL,'Pure Sciences, Data Science, Biotechnology, Micro-Biology','₹2 LPA – ₹6 LPA (Research Stipends extra)','Well-equipped labs for Physics, Chemistry, and Biology experiments.'),(183,'Rashtrasant Tukadoji Maharaj Nagpur University (Science Dept)',3,'Nagpur','Maharashtra','₹8,000 – ₹30,000 per year','Government',NULL,NULL,'B.Sc / M.Sc in Physics, Chemistry, Biotechnology, IT, Mathematics','Merit-based (12th Marks)','CSIR Labs, IT Companies, Chemical Industries, Pharmaceuticals, Coaching Institutes','Advanced Laboratories, Central Library, Research Centers, Hostel, Sports Complex','This college offers quality science education with strong academic foundation and laboratory-based learning.','2026-04-27 13:18:04','2026-04-27 13:18:04',NULL,NULL,NULL,NULL,NULL,NULL,'Pure Sciences, Data Science, Biotechnology, Micro-Biology','₹2 LPA – ₹6 LPA (Research Stipends extra)','Well-equipped labs for Physics, Chemistry, and Biology experiments.'),(184,'Hislop College',3,'Nagpur','Maharashtra','₹40,000 – ₹1,50,000 per year','Private',NULL,NULL,'B.Sc / M.Sc in Physics, Chemistry, Biotechnology, IT, Mathematics','Merit-based (12th Marks)','CSIR Labs, IT Companies, Chemical Industries, Pharmaceuticals, Coaching Institutes','Advanced Laboratories, Central Library, Research Centers, Hostel, Sports Complex','This college offers quality science education with strong academic foundation and laboratory-based learning.','2026-04-27 13:18:04','2026-04-27 13:18:04',NULL,NULL,NULL,NULL,NULL,NULL,'Pure Sciences, Data Science, Biotechnology, Micro-Biology','₹2 LPA – ₹6 LPA (Research Stipends extra)','Well-equipped labs for Physics, Chemistry, and Biology experiments.'),(185,'KTHM College Nashik',3,'Nashik','Maharashtra','₹40,000 – ₹1,50,000 per year','Private',NULL,NULL,'B.Sc / M.Sc in Physics, Chemistry, Biotechnology, IT, Mathematics','Merit-based (12th Marks)','CSIR Labs, IT Companies, Chemical Industries, Pharmaceuticals, Coaching Institutes','Advanced Laboratories, Central Library, Research Centers, Hostel, Sports Complex','This college offers quality science education with strong academic foundation and laboratory-based learning.','2026-04-27 13:18:04','2026-04-27 13:18:04',NULL,NULL,NULL,NULL,NULL,NULL,'Pure Sciences, Data Science, Biotechnology, Micro-Biology','₹2 LPA – ₹6 LPA (Research Stipends extra)','Well-equipped labs for Physics, Chemistry, and Biology experiments.'),(186,'BYK College of Science Nashik',3,'Nashik','Maharashtra','₹40,000 – ₹1,50,000 per year','Private',NULL,NULL,'B.Sc / M.Sc in Physics, Chemistry, Biotechnology, IT, Mathematics','Merit-based (12th Marks)','CSIR Labs, IT Companies, Chemical Industries, Pharmaceuticals, Coaching Institutes','Advanced Laboratories, Central Library, Research Centers, Hostel, Sports Complex','This college offers quality science education with strong academic foundation and laboratory-based learning.','2026-04-27 13:18:04','2026-04-27 13:18:04',NULL,NULL,NULL,NULL,NULL,NULL,'Pure Sciences, Data Science, Biotechnology, Micro-Biology','₹2 LPA – ₹6 LPA (Research Stipends extra)','Well-equipped labs for Physics, Chemistry, and Biology experiments.'),(187,'Sandip University School of Science',3,'Nashik','Maharashtra','₹40,000 – ₹1,50,000 per year','Private',NULL,NULL,'B.Sc / M.Sc in Physics, Chemistry, Biotechnology, IT, Mathematics','Merit-based (12th Marks)','CSIR Labs, IT Companies, Chemical Industries, Pharmaceuticals, Coaching Institutes','Advanced Laboratories, Central Library, Research Centers, Hostel, Sports Complex','This college offers quality science education with strong academic foundation and laboratory-based learning.','2026-04-27 13:18:04','2026-04-27 13:18:04',NULL,NULL,NULL,NULL,NULL,NULL,'Pure Sciences, Data Science, Biotechnology, Micro-Biology','₹2 LPA – ₹6 LPA (Research Stipends extra)','Well-equipped labs for Physics, Chemistry, and Biology experiments.'),(188,'Dr Babasaheb Ambedkar Marathwada University (Science Dept)',3,'Aurangabad','Maharashtra','₹8,000 – ₹30,000 per year','Government',NULL,NULL,'B.Sc / M.Sc in Physics, Chemistry, Biotechnology, IT, Mathematics','Merit-based (12th Marks)','CSIR Labs, IT Companies, Chemical Industries, Pharmaceuticals, Coaching Institutes','Advanced Laboratories, Central Library, Research Centers, Hostel, Sports Complex','This college offers quality science education with strong academic foundation and laboratory-based learning.','2026-04-27 13:18:04','2026-04-27 13:18:04',NULL,NULL,NULL,NULL,NULL,NULL,'Pure Sciences, Data Science, Biotechnology, Micro-Biology','₹2 LPA – ₹6 LPA (Research Stipends extra)','Well-equipped labs for Physics, Chemistry, and Biology experiments.'),(189,'Deogiri College',3,'Aurangabad','Maharashtra','₹40,000 – ₹1,50,000 per year','Private',NULL,NULL,'B.Sc / M.Sc in Physics, Chemistry, Biotechnology, IT, Mathematics','Merit-based (12th Marks)','CSIR Labs, IT Companies, Chemical Industries, Pharmaceuticals, Coaching Institutes','Advanced Laboratories, Central Library, Research Centers, Hostel, Sports Complex','This college offers quality science education with strong academic foundation and laboratory-based learning.','2026-04-27 13:18:04','2026-04-27 13:18:04',NULL,NULL,NULL,NULL,NULL,NULL,'Pure Sciences, Data Science, Biotechnology, Micro-Biology','₹2 LPA – ₹6 LPA (Research Stipends extra)','Well-equipped labs for Physics, Chemistry, and Biology experiments.'),(190,'Shivaji University Kolhapur (Science Dept)',3,'Kolhapur','Maharashtra','₹8,000 – ₹30,000 per year','Government',NULL,NULL,'B.Sc / M.Sc in Physics, Chemistry, Biotechnology, IT, Mathematics','Merit-based (12th Marks)','CSIR Labs, IT Companies, Chemical Industries, Pharmaceuticals, Coaching Institutes','Advanced Laboratories, Central Library, Research Centers, Hostel, Sports Complex','This college offers quality science education with strong academic foundation and laboratory-based learning.','2026-04-27 13:18:04','2026-04-27 13:18:04',NULL,NULL,NULL,NULL,NULL,NULL,'Pure Sciences, Data Science, Biotechnology, Micro-Biology','₹2 LPA – ₹6 LPA (Research Stipends extra)','Well-equipped labs for Physics, Chemistry, and Biology experiments.'),(191,'Rajaram College',3,'Kolhapur','Maharashtra','₹8,000 – ₹30,000 per year','Government',NULL,NULL,'B.Sc / M.Sc in Physics, Chemistry, Biotechnology, IT, Mathematics','Merit-based (12th Marks)','CSIR Labs, IT Companies, Chemical Industries, Pharmaceuticals, Coaching Institutes','Advanced Laboratories, Central Library, Research Centers, Hostel, Sports Complex','This college offers quality science education with strong academic foundation and laboratory-based learning.','2026-04-27 13:18:04','2026-04-27 13:18:04',NULL,NULL,NULL,NULL,NULL,NULL,'Pure Sciences, Data Science, Biotechnology, Micro-Biology','₹2 LPA – ₹6 LPA (Research Stipends extra)','Well-equipped labs for Physics, Chemistry, and Biology experiments.'),(192,'New Arts, Commerce and Science College Ahmednagar',3,'Ahmednagar','Maharashtra','₹40,000 – ₹1,50,000 per year','Private',NULL,NULL,'B.Sc / M.Sc in Physics, Chemistry, Biotechnology, IT, Mathematics','Merit-based (12th Marks)','CSIR Labs, IT Companies, Chemical Industries, Pharmaceuticals, Coaching Institutes','Advanced Laboratories, Central Library, Research Centers, Hostel, Sports Complex','This college offers quality science education with strong academic foundation and laboratory-based learning.','2026-04-27 13:18:04','2026-04-27 13:18:04',NULL,NULL,NULL,NULL,NULL,NULL,'Pure Sciences, Data Science, Biotechnology, Micro-Biology','₹2 LPA – ₹6 LPA (Research Stipends extra)','Well-equipped labs for Physics, Chemistry, and Biology experiments.'),(193,'Shrirampur College',3,'Ahmednagar','Maharashtra','₹40,000 – ₹1,50,000 per year','Private',NULL,NULL,'B.Sc / M.Sc in Physics, Chemistry, Biotechnology, IT, Mathematics','Merit-based (12th Marks)','CSIR Labs, IT Companies, Chemical Industries, Pharmaceuticals, Coaching Institutes','Advanced Laboratories, Central Library, Research Centers, Hostel, Sports Complex','This college offers quality science education with strong academic foundation and laboratory-based learning.','2026-04-27 13:18:04','2026-04-27 13:18:04',NULL,NULL,NULL,NULL,NULL,NULL,'Pure Sciences, Data Science, Biotechnology, Micro-Biology','₹2 LPA – ₹6 LPA (Research Stipends extra)','Well-equipped labs for Physics, Chemistry, and Biology experiments.'),(194,'Sangameshwar College Solapur',3,'Solapur','Maharashtra','₹40,000 – ₹1,50,000 per year','Private',NULL,NULL,'B.Sc / M.Sc in Physics, Chemistry, Biotechnology, IT, Mathematics','Merit-based (12th Marks)','CSIR Labs, IT Companies, Chemical Industries, Pharmaceuticals, Coaching Institutes','Advanced Laboratories, Central Library, Research Centers, Hostel, Sports Complex','This college offers quality science education with strong academic foundation and laboratory-based learning.','2026-04-27 13:18:04','2026-04-27 13:18:04',NULL,NULL,NULL,NULL,NULL,NULL,'Pure Sciences, Data Science, Biotechnology, Micro-Biology','₹2 LPA – ₹6 LPA (Research Stipends extra)','Well-equipped labs for Physics, Chemistry, and Biology experiments.'),(195,'Walchand College of Arts and Science',3,'Solapur','Maharashtra','₹40,000 – ₹1,50,000 per year','Private',NULL,NULL,'B.Sc / M.Sc in Physics, Chemistry, Biotechnology, IT, Mathematics','Merit-based (12th Marks)','CSIR Labs, IT Companies, Chemical Industries, Pharmaceuticals, Coaching Institutes','Advanced Laboratories, Central Library, Research Centers, Hostel, Sports Complex','This college offers quality science education with strong academic foundation and laboratory-based learning.','2026-04-27 13:18:04','2026-04-27 13:18:04',NULL,NULL,NULL,NULL,NULL,NULL,'Pure Sciences, Data Science, Biotechnology, Micro-Biology','₹2 LPA – ₹6 LPA (Research Stipends extra)','Well-equipped labs for Physics, Chemistry, and Biology experiments.'),(196,'St. Xavier\'s College Mumbai',1,'Mumbai','Maharashtra','₹5,000 – ₹25,000 per year','Private',NULL,NULL,'BA / MA in Psychology, Economics, Political Science, Sociology, English','Merit-based (12th Marks)','Media Houses, NGOs, PR Agencies, UPSC/MPSC Coaching, Research Firms','Well-stocked Library, Smart Classrooms, Auditorium, Cultural Center, Hostel','This college offers quality humanities education with strong academic foundation and career opportunities in diverse fields.','2026-04-27 13:18:04','2026-04-27 13:18:04',NULL,NULL,NULL,NULL,NULL,NULL,'Liberal Arts, Social Work, International Relations, Literature','₹2.5 LPA – ₹8 LPA (Higher for Elite Institutes)',NULL),(197,'Mithibai College of Arts',1,'Mumbai','Maharashtra','₹5,000 – ₹25,000 per year','Private',NULL,NULL,'BA / MA in Psychology, Economics, Political Science, Sociology, English','Merit-based (12th Marks)','Media Houses, NGOs, PR Agencies, UPSC/MPSC Coaching, Research Firms','Well-stocked Library, Smart Classrooms, Auditorium, Cultural Center, Hostel','This college offers quality humanities education with strong academic foundation and career opportunities in diverse fields.','2026-04-27 13:18:04','2026-04-27 13:18:04',NULL,NULL,NULL,NULL,NULL,NULL,'Liberal Arts, Social Work, International Relations, Literature','₹2.5 LPA – ₹8 LPA (Higher for Elite Institutes)',NULL),(198,'K J Somaiya College of Arts & Commerce',1,'Mumbai','Maharashtra','₹5,000 – ₹25,000 per year','Private',NULL,NULL,'BA / MA in Psychology, Economics, Political Science, Sociology, English','Merit-based (12th Marks)','Media Houses, NGOs, PR Agencies, UPSC/MPSC Coaching, Research Firms','Well-stocked Library, Smart Classrooms, Auditorium, Cultural Center, Hostel','This college offers quality humanities education with strong academic foundation and career opportunities in diverse fields.','2026-04-27 13:18:04','2026-04-27 13:18:04',NULL,NULL,NULL,NULL,NULL,NULL,'Liberal Arts, Social Work, International Relations, Literature','₹2.5 LPA – ₹8 LPA (Higher for Elite Institutes)',NULL),(199,'Jai Hind College',1,'Mumbai','Maharashtra','₹5,000 – ₹25,000 per year','Private',NULL,NULL,'BA / MA in Psychology, Economics, Political Science, Sociology, English','Merit-based (12th Marks)','Media Houses, NGOs, PR Agencies, UPSC/MPSC Coaching, Research Firms','Well-stocked Library, Smart Classrooms, Auditorium, Cultural Center, Hostel','This college offers quality humanities education with strong academic foundation and career opportunities in diverse fields.','2026-04-27 13:18:04','2026-04-27 13:18:04',NULL,NULL,NULL,NULL,NULL,NULL,'Liberal Arts, Social Work, International Relations, Literature','₹2.5 LPA – ₹8 LPA (Higher for Elite Institutes)',NULL),(200,'Ramnarain Ruia Autonomous College',1,'Mumbai','Maharashtra','₹5,000 – ₹25,000 per year','Private',NULL,NULL,'BA / MA in Psychology, Economics, Political Science, Sociology, English','Merit-based (12th Marks)','Media Houses, NGOs, PR Agencies, UPSC/MPSC Coaching, Research Firms','Well-stocked Library, Smart Classrooms, Auditorium, Cultural Center, Hostel','This college offers quality humanities education with strong academic foundation and career opportunities in diverse fields.','2026-04-27 13:18:05','2026-04-27 13:18:05',NULL,NULL,NULL,NULL,NULL,NULL,'Liberal Arts, Social Work, International Relations, Literature','₹2.5 LPA – ₹8 LPA (Higher for Elite Institutes)',NULL),(201,'Kishinchand Chellaram College',1,'Mumbai','Maharashtra','₹5,000 – ₹25,000 per year','Private',NULL,NULL,'BA / MA in Psychology, Economics, Political Science, Sociology, English','Merit-based (12th Marks)','Media Houses, NGOs, PR Agencies, UPSC/MPSC Coaching, Research Firms','Well-stocked Library, Smart Classrooms, Auditorium, Cultural Center, Hostel','This college offers quality humanities education with strong academic foundation and career opportunities in diverse fields.','2026-04-27 13:18:05','2026-04-27 13:18:05',NULL,NULL,NULL,NULL,NULL,NULL,'Liberal Arts, Social Work, International Relations, Literature','₹2.5 LPA – ₹8 LPA (Higher for Elite Institutes)',NULL),(202,'Sophia College for Women',1,'Mumbai','Maharashtra','₹5,000 – ₹25,000 per year','Private',NULL,NULL,'BA / MA in Psychology, Economics, Political Science, Sociology, English','Merit-based (12th Marks)','Media Houses, NGOs, PR Agencies, UPSC/MPSC Coaching, Research Firms','Well-stocked Library, Smart Classrooms, Auditorium, Cultural Center, Hostel','This college offers quality humanities education with strong academic foundation and career opportunities in diverse fields.','2026-04-27 13:18:05','2026-04-27 13:18:05',NULL,NULL,NULL,NULL,NULL,NULL,'Liberal Arts, Social Work, International Relations, Literature','₹2.5 LPA – ₹8 LPA (Higher for Elite Institutes)',NULL),(203,'Wilson College',1,'Mumbai','Maharashtra','₹5,000 – ₹25,000 per year','Private',NULL,NULL,'BA / MA in Psychology, Economics, Political Science, Sociology, English','Merit-based (12th Marks)','Media Houses, NGOs, PR Agencies, UPSC/MPSC Coaching, Research Firms','Well-stocked Library, Smart Classrooms, Auditorium, Cultural Center, Hostel','This college offers quality humanities education with strong academic foundation and career opportunities in diverse fields.','2026-04-27 13:18:05','2026-04-27 13:18:05',NULL,NULL,NULL,NULL,NULL,NULL,'Liberal Arts, Social Work, International Relations, Literature','₹2.5 LPA – ₹8 LPA (Higher for Elite Institutes)',NULL),(204,'Tata Institute of Social Sciences (TISS Mumbai)',1,'Mumbai','Maharashtra','₹1,50,000 – ₹4,50,000 per year','Government',NULL,1,'BA / MA in Psychology, Economics, Political Science, Sociology, English','CUET / Entrance Test','Media Houses, NGOs, PR Agencies, UPSC/MPSC Coaching, Research Firms','Well-stocked Library, Smart Classrooms, Auditorium, Cultural Center, Hostel','This college offers quality humanities education with strong academic foundation and career opportunities in diverse fields.','2026-04-27 13:18:05','2026-04-27 13:18:05',NULL,NULL,NULL,NULL,NULL,NULL,'Liberal Arts, Social Work, International Relations, Literature','₹2.5 LPA – ₹8 LPA (Higher for Elite Institutes)',NULL),(205,'College of Social Work Mumbai',1,'Mumbai','Maharashtra','₹1,50,000 – ₹4,50,000 per year','Private',NULL,1,'BA / MA in Psychology, Economics, Political Science, Sociology, English','CUET / Entrance Test','Media Houses, NGOs, PR Agencies, UPSC/MPSC Coaching, Research Firms','Well-stocked Library, Smart Classrooms, Auditorium, Cultural Center, Hostel','This college offers quality humanities education with strong academic foundation and career opportunities in diverse fields.','2026-04-27 13:18:05','2026-04-27 13:18:05',NULL,NULL,NULL,NULL,NULL,NULL,'Liberal Arts, Social Work, International Relations, Literature','₹2.5 LPA – ₹8 LPA (Higher for Elite Institutes)',NULL),(206,'Fergusson College',1,'Pune','Maharashtra','₹5,000 – ₹25,000 per year','Private',NULL,NULL,'BA / MA in Psychology, Economics, Political Science, Sociology, English','Merit-based (12th Marks)','Media Houses, NGOs, PR Agencies, UPSC/MPSC Coaching, Research Firms','Well-stocked Library, Smart Classrooms, Auditorium, Cultural Center, Hostel','This college offers quality humanities education with strong academic foundation and career opportunities in diverse fields.','2026-04-27 13:18:05','2026-04-27 13:18:05',NULL,NULL,NULL,NULL,NULL,NULL,'Liberal Arts, Social Work, International Relations, Literature','₹2.5 LPA – ₹8 LPA (Higher for Elite Institutes)',NULL),(207,'Symbiosis College of Arts and Commerce',1,'Pune','Maharashtra','₹5,000 – ₹25,000 per year','Private',NULL,NULL,'BA / MA in Psychology, Economics, Political Science, Sociology, English','Merit-based (12th Marks)','Media Houses, NGOs, PR Agencies, UPSC/MPSC Coaching, Research Firms','Well-stocked Library, Smart Classrooms, Auditorium, Cultural Center, Hostel','This college offers quality humanities education with strong academic foundation and career opportunities in diverse fields.','2026-04-27 13:18:05','2026-04-27 13:18:05',NULL,NULL,NULL,NULL,NULL,NULL,'Liberal Arts, Social Work, International Relations, Literature','₹2.5 LPA – ₹8 LPA (Higher for Elite Institutes)',NULL),(208,'Nowrosjee Wadia College',1,'Pune','Maharashtra','₹5,000 – ₹25,000 per year','Private',NULL,NULL,'BA / MA in Psychology, Economics, Political Science, Sociology, English','Merit-based (12th Marks)','Media Houses, NGOs, PR Agencies, UPSC/MPSC Coaching, Research Firms','Well-stocked Library, Smart Classrooms, Auditorium, Cultural Center, Hostel','This college offers quality humanities education with strong academic foundation and career opportunities in diverse fields.','2026-04-27 13:18:05','2026-04-27 13:18:05',NULL,NULL,NULL,NULL,NULL,NULL,'Liberal Arts, Social Work, International Relations, Literature','₹2.5 LPA – ₹8 LPA (Higher for Elite Institutes)',NULL),(209,'St. Mira\'s College for Girls',1,'Pune','Maharashtra','₹5,000 – ₹25,000 per year','Private',NULL,NULL,'BA / MA in Psychology, Economics, Political Science, Sociology, English','Merit-based (12th Marks)','Media Houses, NGOs, PR Agencies, UPSC/MPSC Coaching, Research Firms','Well-stocked Library, Smart Classrooms, Auditorium, Cultural Center, Hostel','This college offers quality humanities education with strong academic foundation and career opportunities in diverse fields.','2026-04-27 13:18:05','2026-04-27 13:18:05',NULL,NULL,NULL,NULL,NULL,NULL,'Liberal Arts, Social Work, International Relations, Literature','₹2.5 LPA – ₹8 LPA (Higher for Elite Institutes)',NULL),(210,'Modern College of Arts, Science and Commerce',1,'Pune','Maharashtra','₹5,000 – ₹25,000 per year','Private',NULL,NULL,'BA / MA in Psychology, Economics, Political Science, Sociology, English','Merit-based (12th Marks)','Media Houses, NGOs, PR Agencies, UPSC/MPSC Coaching, Research Firms','Well-stocked Library, Smart Classrooms, Auditorium, Cultural Center, Hostel','This college offers quality humanities education with strong academic foundation and career opportunities in diverse fields.','2026-04-27 13:18:05','2026-04-27 13:18:05',NULL,NULL,NULL,NULL,NULL,NULL,'Liberal Arts, Social Work, International Relations, Literature','₹2.5 LPA – ₹8 LPA (Higher for Elite Institutes)',NULL),(211,'Sir Parashurambhau College',1,'Pune','Maharashtra','₹5,000 – ₹25,000 per year','Private',NULL,NULL,'BA / MA in Psychology, Economics, Political Science, Sociology, English','Merit-based (12th Marks)','Media Houses, NGOs, PR Agencies, UPSC/MPSC Coaching, Research Firms','Well-stocked Library, Smart Classrooms, Auditorium, Cultural Center, Hostel','This college offers quality humanities education with strong academic foundation and career opportunities in diverse fields.','2026-04-27 13:18:05','2026-04-27 13:18:05',NULL,NULL,NULL,NULL,NULL,NULL,'Liberal Arts, Social Work, International Relations, Literature','₹2.5 LPA – ₹8 LPA (Higher for Elite Institutes)',NULL),(212,'Flame University Pune',1,'Pune','Maharashtra','₹1,50,000 – ₹4,50,000 per year','Private',NULL,1,'BA / MA in Psychology, Economics, Political Science, Sociology, English','CUET / Entrance Test','Media Houses, NGOs, PR Agencies, UPSC/MPSC Coaching, Research Firms','Well-stocked Library, Smart Classrooms, Auditorium, Cultural Center, Hostel','This college offers quality humanities education with strong academic foundation and career opportunities in diverse fields.','2026-04-27 13:18:05','2026-04-27 13:18:05',NULL,NULL,NULL,NULL,NULL,NULL,'Liberal Arts, Social Work, International Relations, Literature','₹2.5 LPA – ₹8 LPA (Higher for Elite Institutes)',NULL),(213,'Hislop College',1,'Nagpur','Maharashtra','₹5,000 – ₹25,000 per year','Private',NULL,NULL,'BA / MA in Psychology, Economics, Political Science, Sociology, English','Merit-based (12th Marks)','Media Houses, NGOs, PR Agencies, UPSC/MPSC Coaching, Research Firms','Well-stocked Library, Smart Classrooms, Auditorium, Cultural Center, Hostel','This college offers quality humanities education with strong academic foundation and career opportunities in diverse fields.','2026-04-27 13:18:05','2026-04-27 13:18:05',NULL,NULL,NULL,NULL,NULL,NULL,'Liberal Arts, Social Work, International Relations, Literature','₹2.5 LPA – ₹8 LPA (Higher for Elite Institutes)',NULL),(214,'Rashtrasant Tukadoji Maharaj Nagpur University',1,'Nagpur','Maharashtra','₹5,000 – ₹25,000 per year','Government',NULL,NULL,'BA / MA in Psychology, Economics, Political Science, Sociology, English','Merit-based (12th Marks)','Media Houses, NGOs, PR Agencies, UPSC/MPSC Coaching, Research Firms','Well-stocked Library, Smart Classrooms, Auditorium, Cultural Center, Hostel','This college offers quality humanities education with strong academic foundation and career opportunities in diverse fields.','2026-04-27 13:18:05','2026-04-27 13:18:05',NULL,NULL,NULL,NULL,NULL,NULL,'Liberal Arts, Social Work, International Relations, Literature','₹2.5 LPA – ₹8 LPA (Higher for Elite Institutes)',NULL),(215,'Dr. Ambedkar College',1,'Nagpur','Maharashtra','₹5,000 – ₹25,000 per year','Private',NULL,NULL,'BA / MA in Psychology, Economics, Political Science, Sociology, English','Merit-based (12th Marks)','Media Houses, NGOs, PR Agencies, UPSC/MPSC Coaching, Research Firms','Well-stocked Library, Smart Classrooms, Auditorium, Cultural Center, Hostel','This college offers quality humanities education with strong academic foundation and career opportunities in diverse fields.','2026-04-27 13:18:05','2026-04-27 13:18:05',NULL,NULL,NULL,NULL,NULL,NULL,'Liberal Arts, Social Work, International Relations, Literature','₹2.5 LPA – ₹8 LPA (Higher for Elite Institutes)',NULL),(216,'KTHM College Nashik',1,'Nashik','Maharashtra','₹5,000 – ₹25,000 per year','Private',NULL,NULL,'BA / MA in Psychology, Economics, Political Science, Sociology, English','Merit-based (12th Marks)','Media Houses, NGOs, PR Agencies, UPSC/MPSC Coaching, Research Firms','Well-stocked Library, Smart Classrooms, Auditorium, Cultural Center, Hostel','This college offers quality humanities education with strong academic foundation and career opportunities in diverse fields.','2026-04-27 13:18:05','2026-04-27 13:18:05',NULL,NULL,NULL,NULL,NULL,NULL,'Liberal Arts, Social Work, International Relations, Literature','₹2.5 LPA – ₹8 LPA (Higher for Elite Institutes)',NULL),(217,'BYK College Nashik',1,'Nashik','Maharashtra','₹5,000 – ₹25,000 per year','Private',NULL,NULL,'BA / MA in Psychology, Economics, Political Science, Sociology, English','Merit-based (12th Marks)','Media Houses, NGOs, PR Agencies, UPSC/MPSC Coaching, Research Firms','Well-stocked Library, Smart Classrooms, Auditorium, Cultural Center, Hostel','This college offers quality humanities education with strong academic foundation and career opportunities in diverse fields.','2026-04-27 13:18:05','2026-04-27 13:18:05',NULL,NULL,NULL,NULL,NULL,NULL,'Liberal Arts, Social Work, International Relations, Literature','₹2.5 LPA – ₹8 LPA (Higher for Elite Institutes)',NULL),(218,'HPT Arts & RYK Science College',1,'Nashik','Maharashtra','₹5,000 – ₹25,000 per year','Private',NULL,NULL,'BA / MA in Psychology, Economics, Political Science, Sociology, English','Merit-based (12th Marks)','Media Houses, NGOs, PR Agencies, UPSC/MPSC Coaching, Research Firms','Well-stocked Library, Smart Classrooms, Auditorium, Cultural Center, Hostel','This college offers quality humanities education with strong academic foundation and career opportunities in diverse fields.','2026-04-27 13:18:05','2026-04-27 13:18:05',NULL,NULL,NULL,NULL,NULL,NULL,'Liberal Arts, Social Work, International Relations, Literature','₹2.5 LPA – ₹8 LPA (Higher for Elite Institutes)',NULL),(219,'Deogiri College',1,'Aurangabad','Maharashtra','₹5,000 – ₹25,000 per year','Private',NULL,NULL,'BA / MA in Psychology, Economics, Political Science, Sociology, English','Merit-based (12th Marks)','Media Houses, NGOs, PR Agencies, UPSC/MPSC Coaching, Research Firms','Well-stocked Library, Smart Classrooms, Auditorium, Cultural Center, Hostel','This college offers quality humanities education with strong academic foundation and career opportunities in diverse fields.','2026-04-27 13:18:05','2026-04-27 13:18:05',NULL,NULL,NULL,NULL,NULL,NULL,'Liberal Arts, Social Work, International Relations, Literature','₹2.5 LPA – ₹8 LPA (Higher for Elite Institutes)',NULL),(220,'Dr Babasaheb Ambedkar Marathwada University',1,'Aurangabad','Maharashtra','₹5,000 – ₹25,000 per year','Government',NULL,NULL,'BA / MA in Psychology, Economics, Political Science, Sociology, English','Merit-based (12th Marks)','Media Houses, NGOs, PR Agencies, UPSC/MPSC Coaching, Research Firms','Well-stocked Library, Smart Classrooms, Auditorium, Cultural Center, Hostel','This college offers quality humanities education with strong academic foundation and career opportunities in diverse fields.','2026-04-27 13:18:05','2026-04-27 13:18:05',NULL,NULL,NULL,NULL,NULL,NULL,'Liberal Arts, Social Work, International Relations, Literature','₹2.5 LPA – ₹8 LPA (Higher for Elite Institutes)',NULL),(221,'Shivaji University Kolhapur',1,'Kolhapur','Maharashtra','₹5,000 – ₹25,000 per year','Government',NULL,NULL,'BA / MA in Psychology, Economics, Political Science, Sociology, English','Merit-based (12th Marks)','Media Houses, NGOs, PR Agencies, UPSC/MPSC Coaching, Research Firms','Well-stocked Library, Smart Classrooms, Auditorium, Cultural Center, Hostel','This college offers quality humanities education with strong academic foundation and career opportunities in diverse fields.','2026-04-27 13:18:05','2026-04-27 13:18:05',NULL,NULL,NULL,NULL,NULL,NULL,'Liberal Arts, Social Work, International Relations, Literature','₹2.5 LPA – ₹8 LPA (Higher for Elite Institutes)',NULL),(222,'Rajaram College',1,'Kolhapur','Maharashtra','₹5,000 – ₹25,000 per year','Government',NULL,NULL,'BA / MA in Psychology, Economics, Political Science, Sociology, English','Merit-based (12th Marks)','Media Houses, NGOs, PR Agencies, UPSC/MPSC Coaching, Research Firms','Well-stocked Library, Smart Classrooms, Auditorium, Cultural Center, Hostel','This college offers quality humanities education with strong academic foundation and career opportunities in diverse fields.','2026-04-27 13:18:05','2026-04-27 13:18:05',NULL,NULL,NULL,NULL,NULL,NULL,'Liberal Arts, Social Work, International Relations, Literature','₹2.5 LPA – ₹8 LPA (Higher for Elite Institutes)',NULL),(223,'New Arts, Commerce and Science College',1,'Ahmednagar','Maharashtra','₹5,000 – ₹25,000 per year','Private',NULL,NULL,'BA / MA in Psychology, Economics, Political Science, Sociology, English','Merit-based (12th Marks)','Media Houses, NGOs, PR Agencies, UPSC/MPSC Coaching, Research Firms','Well-stocked Library, Smart Classrooms, Auditorium, Cultural Center, Hostel','This college offers quality humanities education with strong academic foundation and career opportunities in diverse fields.','2026-04-27 13:18:05','2026-04-27 13:18:05',NULL,NULL,NULL,NULL,NULL,NULL,'Liberal Arts, Social Work, International Relations, Literature','₹2.5 LPA – ₹8 LPA (Higher for Elite Institutes)',NULL),(224,'Shrirampur College',1,'Ahmednagar','Maharashtra','₹5,000 – ₹25,000 per year','Private',NULL,NULL,'BA / MA in Psychology, Economics, Political Science, Sociology, English','Merit-based (12th Marks)','Media Houses, NGOs, PR Agencies, UPSC/MPSC Coaching, Research Firms','Well-stocked Library, Smart Classrooms, Auditorium, Cultural Center, Hostel','This college offers quality humanities education with strong academic foundation and career opportunities in diverse fields.','2026-04-27 13:18:05','2026-04-27 13:18:05',NULL,NULL,NULL,NULL,NULL,NULL,'Liberal Arts, Social Work, International Relations, Literature','₹2.5 LPA – ₹8 LPA (Higher for Elite Institutes)',NULL),(225,'Sangameshwar College',1,'Solapur','Maharashtra','₹5,000 – ₹25,000 per year','Private',NULL,NULL,'BA / MA in Psychology, Economics, Political Science, Sociology, English','Merit-based (12th Marks)','Media Houses, NGOs, PR Agencies, UPSC/MPSC Coaching, Research Firms','Well-stocked Library, Smart Classrooms, Auditorium, Cultural Center, Hostel','This college offers quality humanities education with strong academic foundation and career opportunities in diverse fields.','2026-04-27 13:18:05','2026-04-27 13:18:05',NULL,NULL,NULL,NULL,NULL,NULL,'Liberal Arts, Social Work, International Relations, Literature','₹2.5 LPA – ₹8 LPA (Higher for Elite Institutes)',NULL),(226,'Walchand College of Arts and Science',1,'Solapur','Maharashtra','₹5,000 – ₹25,000 per year','Private',NULL,NULL,'BA / MA in Psychology, Economics, Political Science, Sociology, English','Merit-based (12th Marks)','Media Houses, NGOs, PR Agencies, UPSC/MPSC Coaching, Research Firms','Well-stocked Library, Smart Classrooms, Auditorium, Cultural Center, Hostel','This college offers quality humanities education with strong academic foundation and career opportunities in diverse fields.','2026-04-27 13:18:05','2026-04-27 13:18:05',NULL,NULL,NULL,NULL,NULL,NULL,'Liberal Arts, Social Work, International Relations, Literature','₹2.5 LPA – ₹8 LPA (Higher for Elite Institutes)',NULL),(227,'NMIMS Mumbai (Liberal Arts)',1,'Mumbai','Maharashtra','₹1,50,000 – ₹4,50,000 per year','Private',NULL,1,'BA / MA in Psychology, Economics, Political Science, Sociology, English','CUET / Entrance Test','Media Houses, NGOs, PR Agencies, UPSC/MPSC Coaching, Research Firms','Well-stocked Library, Smart Classrooms, Auditorium, Cultural Center, Hostel','This college offers quality humanities education with strong academic foundation and career opportunities in diverse fields.','2026-04-27 13:18:05','2026-04-27 13:18:05',NULL,NULL,NULL,NULL,NULL,NULL,'Liberal Arts, Social Work, International Relations, Literature','₹2.5 LPA – ₹8 LPA (Higher for Elite Institutes)',NULL),(228,'St. Xavier\'s College Mumbai',2,'Mumbai','Maharashtra','₹8,000 – ₹30,000 per year','Private',NULL,NULL,'B.Com / M.Com in Accounting, Finance, Banking, Insurance','Merit-based (12th Marks)','Deloitte, KPMG, EY, HDFC Bank, ICICI Bank, TCS, Reliance','Advanced Computer Labs, Massive Library, Placement Cell, Smart Classrooms, Auditorium','This college offers strong commerce education with focus on finance, accounting, and business skills.','2026-04-27 13:18:05','2026-04-27 13:18:05',NULL,NULL,NULL,NULL,NULL,NULL,'Accounting & Finance (BAF), Banking & Insurance (BBI), Financial Markets (BFM)','₹3 LPA – ₹8 LPA (Higher for top-tier institutes)',NULL),(229,'Narsee Monjee College of Commerce & Economics (NM College)',2,'Mumbai','Maharashtra','₹40,000 – ₹1,50,000 per year','Private',NULL,1,'B.Com / M.Com in Accounting, Finance, Banking, Insurance','Merit-based (12th Marks)','Deloitte, KPMG, EY, HDFC Bank, ICICI Bank, TCS, Reliance','Advanced Computer Labs, Massive Library, Placement Cell, Smart Classrooms, Auditorium','This college offers strong commerce education with focus on finance, accounting, and business skills.','2026-04-27 13:18:05','2026-04-27 13:18:05',NULL,NULL,NULL,NULL,NULL,NULL,'Accounting & Finance (BAF), Banking & Insurance (BBI), Financial Markets (BFM)','₹3 LPA – ₹8 LPA (Higher for top-tier institutes)',NULL),(230,'H.R. College of Commerce and Economics',2,'Mumbai','Maharashtra','₹40,000 – ₹1,50,000 per year','Private',NULL,1,'B.Com / M.Com in Accounting, Finance, Banking, Insurance','Merit-based (12th Marks)','Deloitte, KPMG, EY, HDFC Bank, ICICI Bank, TCS, Reliance','Advanced Computer Labs, Massive Library, Placement Cell, Smart Classrooms, Auditorium','This college offers strong commerce education with focus on finance, accounting, and business skills.','2026-04-27 13:18:05','2026-04-27 13:18:05',NULL,NULL,NULL,NULL,NULL,NULL,'Accounting & Finance (BAF), Banking & Insurance (BBI), Financial Markets (BFM)','₹3 LPA – ₹8 LPA (Higher for top-tier institutes)',NULL),(231,'R A Podar College of Commerce and Economics',2,'Mumbai','Maharashtra','₹8,000 – ₹30,000 per year','Private',NULL,NULL,'B.Com / M.Com in Accounting, Finance, Banking, Insurance','Merit-based (12th Marks)','Deloitte, KPMG, EY, HDFC Bank, ICICI Bank, TCS, Reliance','Advanced Computer Labs, Massive Library, Placement Cell, Smart Classrooms, Auditorium','This college offers strong commerce education with focus on finance, accounting, and business skills.','2026-04-27 13:18:05','2026-04-27 13:18:05',NULL,NULL,NULL,NULL,NULL,NULL,'Accounting & Finance (BAF), Banking & Insurance (BBI), Financial Markets (BFM)','₹3 LPA – ₹8 LPA (Higher for top-tier institutes)',NULL),(232,'Sydenham College of Commerce and Economics',2,'Mumbai','Maharashtra','₹8,000 – ₹30,000 per year','Government',NULL,NULL,'B.Com / M.Com in Accounting, Finance, Banking, Insurance','Merit-based (12th Marks)','Deloitte, KPMG, EY, HDFC Bank, ICICI Bank, TCS, Reliance','Advanced Computer Labs, Massive Library, Placement Cell, Smart Classrooms, Auditorium','This college offers strong commerce education with focus on finance, accounting, and business skills.','2026-04-27 13:18:05','2026-04-27 13:18:05',NULL,NULL,NULL,NULL,NULL,NULL,'Accounting & Finance (BAF), Banking & Insurance (BBI), Financial Markets (BFM)','₹3 LPA – ₹8 LPA (Higher for top-tier institutes)',NULL),(233,'K J Somaiya College of Arts & Commerce',2,'Mumbai','Maharashtra','₹8,000 – ₹30,000 per year','Private',NULL,NULL,'B.Com / M.Com in Accounting, Finance, Banking, Insurance','Merit-based (12th Marks)','Deloitte, KPMG, EY, HDFC Bank, ICICI Bank, TCS, Reliance','Advanced Computer Labs, Massive Library, Placement Cell, Smart Classrooms, Auditorium','This college offers strong commerce education with focus on finance, accounting, and business skills.','2026-04-27 13:18:05','2026-04-27 13:18:05',NULL,NULL,NULL,NULL,NULL,NULL,'Accounting & Finance (BAF), Banking & Insurance (BBI), Financial Markets (BFM)','₹3 LPA – ₹8 LPA (Higher for top-tier institutes)',NULL),(234,'Jai Hind College',2,'Mumbai','Maharashtra','₹8,000 – ₹30,000 per year','Private',NULL,NULL,'B.Com / M.Com in Accounting, Finance, Banking, Insurance','Merit-based (12th Marks)','Deloitte, KPMG, EY, HDFC Bank, ICICI Bank, TCS, Reliance','Advanced Computer Labs, Massive Library, Placement Cell, Smart Classrooms, Auditorium','This college offers strong commerce education with focus on finance, accounting, and business skills.','2026-04-27 13:18:05','2026-04-27 13:18:05',NULL,NULL,NULL,NULL,NULL,NULL,'Accounting & Finance (BAF), Banking & Insurance (BBI), Financial Markets (BFM)','₹3 LPA – ₹8 LPA (Higher for top-tier institutes)',NULL),(235,'KPB Hinduja College of Commerce',2,'Mumbai','Maharashtra','₹8,000 – ₹30,000 per year','Private',NULL,NULL,'B.Com / M.Com in Accounting, Finance, Banking, Insurance','Merit-based (12th Marks)','Deloitte, KPMG, EY, HDFC Bank, ICICI Bank, TCS, Reliance','Advanced Computer Labs, Massive Library, Placement Cell, Smart Classrooms, Auditorium','This college offers strong commerce education with focus on finance, accounting, and business skills.','2026-04-27 13:18:05','2026-04-27 13:18:05',NULL,NULL,NULL,NULL,NULL,NULL,'Accounting & Finance (BAF), Banking & Insurance (BBI), Financial Markets (BFM)','₹3 LPA – ₹8 LPA (Higher for top-tier institutes)',NULL),(236,'Mithibai College of Arts, Commerce and Science',2,'Mumbai','Maharashtra','₹8,000 – ₹30,000 per year','Private',NULL,NULL,'B.Com / M.Com in Accounting, Finance, Banking, Insurance','Merit-based (12th Marks)','Deloitte, KPMG, EY, HDFC Bank, ICICI Bank, TCS, Reliance','Advanced Computer Labs, Massive Library, Placement Cell, Smart Classrooms, Auditorium','This college offers strong commerce education with focus on finance, accounting, and business skills.','2026-04-27 13:18:05','2026-04-27 13:18:05',NULL,NULL,NULL,NULL,NULL,NULL,'Accounting & Finance (BAF), Banking & Insurance (BBI), Financial Markets (BFM)','₹3 LPA – ₹8 LPA (Higher for top-tier institutes)',NULL),(237,'Kishinchand Chellaram College (KC College)',2,'Mumbai','Maharashtra','₹8,000 – ₹30,000 per year','Private',NULL,NULL,'B.Com / M.Com in Accounting, Finance, Banking, Insurance','Merit-based (12th Marks)','Deloitte, KPMG, EY, HDFC Bank, ICICI Bank, TCS, Reliance','Advanced Computer Labs, Massive Library, Placement Cell, Smart Classrooms, Auditorium','This college offers strong commerce education with focus on finance, accounting, and business skills.','2026-04-27 13:18:05','2026-04-27 13:18:05',NULL,NULL,NULL,NULL,NULL,NULL,'Accounting & Finance (BAF), Banking & Insurance (BBI), Financial Markets (BFM)','₹3 LPA – ₹8 LPA (Higher for top-tier institutes)',NULL),(238,'Brihan Maharashtra College of Commerce (BMCC)',2,'Pune','Maharashtra','₹40,000 – ₹1,50,000 per year','Private',NULL,1,'B.Com / M.Com in Accounting, Finance, Banking, Insurance','Merit-based (12th Marks)','Deloitte, KPMG, EY, HDFC Bank, ICICI Bank, TCS, Reliance','Advanced Computer Labs, Massive Library, Placement Cell, Smart Classrooms, Auditorium','This college offers strong commerce education with focus on finance, accounting, and business skills.','2026-04-27 13:18:05','2026-04-27 13:18:05',NULL,NULL,NULL,NULL,NULL,NULL,'Accounting & Finance (BAF), Banking & Insurance (BBI), Financial Markets (BFM)','₹3 LPA – ₹8 LPA (Higher for top-tier institutes)',NULL),(239,'Symbiosis College of Arts and Commerce',2,'Pune','Maharashtra','₹40,000 – ₹1,50,000 per year','Private',NULL,1,'B.Com / M.Com in Accounting, Finance, Banking, Insurance','Merit-based (12th Marks)','Deloitte, KPMG, EY, HDFC Bank, ICICI Bank, TCS, Reliance','Advanced Computer Labs, Massive Library, Placement Cell, Smart Classrooms, Auditorium','This college offers strong commerce education with focus on finance, accounting, and business skills.','2026-04-27 13:18:05','2026-04-27 13:18:05',NULL,NULL,NULL,NULL,NULL,NULL,'Accounting & Finance (BAF), Banking & Insurance (BBI), Financial Markets (BFM)','₹3 LPA – ₹8 LPA (Higher for top-tier institutes)',NULL),(240,'Ness Wadia College of Commerce',2,'Pune','Maharashtra','₹8,000 – ₹30,000 per year','Private',NULL,NULL,'B.Com / M.Com in Accounting, Finance, Banking, Insurance','Merit-based (12th Marks)','Deloitte, KPMG, EY, HDFC Bank, ICICI Bank, TCS, Reliance','Advanced Computer Labs, Massive Library, Placement Cell, Smart Classrooms, Auditorium','This college offers strong commerce education with focus on finance, accounting, and business skills.','2026-04-27 13:18:05','2026-04-27 13:18:05',NULL,NULL,NULL,NULL,NULL,NULL,'Accounting & Finance (BAF), Banking & Insurance (BBI), Financial Markets (BFM)','₹3 LPA – ₹8 LPA (Higher for top-tier institutes)',NULL),(241,'Garware College of Commerce',2,'Pune','Maharashtra','₹8,000 – ₹30,000 per year','Private',NULL,NULL,'B.Com / M.Com in Accounting, Finance, Banking, Insurance','Merit-based (12th Marks)','Deloitte, KPMG, EY, HDFC Bank, ICICI Bank, TCS, Reliance','Advanced Computer Labs, Massive Library, Placement Cell, Smart Classrooms, Auditorium','This college offers strong commerce education with focus on finance, accounting, and business skills.','2026-04-27 13:18:05','2026-04-27 13:18:05',NULL,NULL,NULL,NULL,NULL,NULL,'Accounting & Finance (BAF), Banking & Insurance (BBI), Financial Markets (BFM)','₹3 LPA – ₹8 LPA (Higher for top-tier institutes)',NULL),(242,'Modern College of Arts, Science and Commerce',2,'Pune','Maharashtra','₹8,000 – ₹30,000 per year','Private',NULL,NULL,'B.Com / M.Com in Accounting, Finance, Banking, Insurance','Merit-based (12th Marks)','Deloitte, KPMG, EY, HDFC Bank, ICICI Bank, TCS, Reliance','Advanced Computer Labs, Massive Library, Placement Cell, Smart Classrooms, Auditorium','This college offers strong commerce education with focus on finance, accounting, and business skills.','2026-04-27 13:18:05','2026-04-27 13:18:05',NULL,NULL,NULL,NULL,NULL,NULL,'Accounting & Finance (BAF), Banking & Insurance (BBI), Financial Markets (BFM)','₹3 LPA – ₹8 LPA (Higher for top-tier institutes)',NULL),(243,'MIT World Peace University (Commerce)',2,'Pune','Maharashtra','₹8,000 – ₹30,000 per year','Private',NULL,NULL,'B.Com / M.Com in Accounting, Finance, Banking, Insurance','Merit-based (12th Marks)','Deloitte, KPMG, EY, HDFC Bank, ICICI Bank, TCS, Reliance','Advanced Computer Labs, Massive Library, Placement Cell, Smart Classrooms, Auditorium','This college offers strong commerce education with focus on finance, accounting, and business skills.','2026-04-27 13:18:05','2026-04-27 13:18:05',NULL,NULL,NULL,NULL,NULL,NULL,'Accounting & Finance (BAF), Banking & Insurance (BBI), Financial Markets (BFM)','₹3 LPA – ₹8 LPA (Higher for top-tier institutes)',NULL),(244,'Marathwada Mitra Mandal College of Commerce',2,'Pune','Maharashtra','₹8,000 – ₹30,000 per year','Private',NULL,NULL,'B.Com / M.Com in Accounting, Finance, Banking, Insurance','Merit-based (12th Marks)','Deloitte, KPMG, EY, HDFC Bank, ICICI Bank, TCS, Reliance','Advanced Computer Labs, Massive Library, Placement Cell, Smart Classrooms, Auditorium','This college offers strong commerce education with focus on finance, accounting, and business skills.','2026-04-27 13:18:05','2026-04-27 13:18:05',NULL,NULL,NULL,NULL,NULL,NULL,'Accounting & Finance (BAF), Banking & Insurance (BBI), Financial Markets (BFM)','₹3 LPA – ₹8 LPA (Higher for top-tier institutes)',NULL),(245,'Hislop College',2,'Nagpur','Maharashtra','₹8,000 – ₹30,000 per year','Private',NULL,NULL,'B.Com / M.Com in Accounting, Finance, Banking, Insurance','Merit-based (12th Marks)','Deloitte, KPMG, EY, HDFC Bank, ICICI Bank, TCS, Reliance','Advanced Computer Labs, Massive Library, Placement Cell, Smart Classrooms, Auditorium','This college offers strong commerce education with focus on finance, accounting, and business skills.','2026-04-27 13:18:05','2026-04-27 13:18:05',NULL,NULL,NULL,NULL,NULL,NULL,'Accounting & Finance (BAF), Banking & Insurance (BBI), Financial Markets (BFM)','₹3 LPA – ₹8 LPA (Higher for top-tier institutes)',NULL),(246,'Dr Ambedkar College of Commerce',2,'Nagpur','Maharashtra','₹8,000 – ₹30,000 per year','Private',NULL,NULL,'B.Com / M.Com in Accounting, Finance, Banking, Insurance','Merit-based (12th Marks)','Deloitte, KPMG, EY, HDFC Bank, ICICI Bank, TCS, Reliance','Advanced Computer Labs, Massive Library, Placement Cell, Smart Classrooms, Auditorium','This college offers strong commerce education with focus on finance, accounting, and business skills.','2026-04-27 13:18:05','2026-04-27 13:18:05',NULL,NULL,NULL,NULL,NULL,NULL,'Accounting & Finance (BAF), Banking & Insurance (BBI), Financial Markets (BFM)','₹3 LPA – ₹8 LPA (Higher for top-tier institutes)',NULL),(247,'Rashtrasant Tukadoji Maharaj Nagpur University (Commerce Dept)',2,'Nagpur','Maharashtra','₹8,000 – ₹30,000 per year','Government',NULL,NULL,'B.Com / M.Com in Accounting, Finance, Banking, Insurance','Merit-based (12th Marks)','Deloitte, KPMG, EY, HDFC Bank, ICICI Bank, TCS, Reliance','Advanced Computer Labs, Massive Library, Placement Cell, Smart Classrooms, Auditorium','This college offers strong commerce education with focus on finance, accounting, and business skills.','2026-04-27 13:18:05','2026-04-27 13:18:05',NULL,NULL,NULL,NULL,NULL,NULL,'Accounting & Finance (BAF), Banking & Insurance (BBI), Financial Markets (BFM)','₹3 LPA – ₹8 LPA (Higher for top-tier institutes)',NULL),(248,'BYK College of Commerce',2,'Nashik','Maharashtra','₹8,000 – ₹30,000 per year','Private',NULL,NULL,'B.Com / M.Com in Accounting, Finance, Banking, Insurance','Merit-based (12th Marks)','Deloitte, KPMG, EY, HDFC Bank, ICICI Bank, TCS, Reliance','Advanced Computer Labs, Massive Library, Placement Cell, Smart Classrooms, Auditorium','This college offers strong commerce education with focus on finance, accounting, and business skills.','2026-04-27 13:18:05','2026-04-27 13:18:05',NULL,NULL,NULL,NULL,NULL,NULL,'Accounting & Finance (BAF), Banking & Insurance (BBI), Financial Markets (BFM)','₹3 LPA – ₹8 LPA (Higher for top-tier institutes)',NULL),(249,'KTHM College Nashik',2,'Nashik','Maharashtra','₹8,000 – ₹30,000 per year','Private',NULL,NULL,'B.Com / M.Com in Accounting, Finance, Banking, Insurance','Merit-based (12th Marks)','Deloitte, KPMG, EY, HDFC Bank, ICICI Bank, TCS, Reliance','Advanced Computer Labs, Massive Library, Placement Cell, Smart Classrooms, Auditorium','This college offers strong commerce education with focus on finance, accounting, and business skills.','2026-04-27 13:18:05','2026-04-27 13:18:05',NULL,NULL,NULL,NULL,NULL,NULL,'Accounting & Finance (BAF), Banking & Insurance (BBI), Financial Markets (BFM)','₹3 LPA – ₹8 LPA (Higher for top-tier institutes)',NULL),(250,'HPT Arts & RYK Science College (Commerce)',2,'Nashik','Maharashtra','₹8,000 – ₹30,000 per year','Private',NULL,NULL,'B.Com / M.Com in Accounting, Finance, Banking, Insurance','Merit-based (12th Marks)','Deloitte, KPMG, EY, HDFC Bank, ICICI Bank, TCS, Reliance','Advanced Computer Labs, Massive Library, Placement Cell, Smart Classrooms, Auditorium','This college offers strong commerce education with focus on finance, accounting, and business skills.','2026-04-27 13:18:05','2026-04-27 13:18:05',NULL,NULL,NULL,NULL,NULL,NULL,'Accounting & Finance (BAF), Banking & Insurance (BBI), Financial Markets (BFM)','₹3 LPA – ₹8 LPA (Higher for top-tier institutes)',NULL),(251,'Deogiri College',2,'Aurangabad','Maharashtra','₹8,000 – ₹30,000 per year','Private',NULL,NULL,'B.Com / M.Com in Accounting, Finance, Banking, Insurance','Merit-based (12th Marks)','Deloitte, KPMG, EY, HDFC Bank, ICICI Bank, TCS, Reliance','Advanced Computer Labs, Massive Library, Placement Cell, Smart Classrooms, Auditorium','This college offers strong commerce education with focus on finance, accounting, and business skills.','2026-04-27 13:18:05','2026-04-27 13:18:05',NULL,NULL,NULL,NULL,NULL,NULL,'Accounting & Finance (BAF), Banking & Insurance (BBI), Financial Markets (BFM)','₹3 LPA – ₹8 LPA (Higher for top-tier institutes)',NULL),(252,'Dr Babasaheb Ambedkar Marathwada University (Commerce Dept)',2,'Aurangabad','Maharashtra','₹8,000 – ₹30,000 per year','Government',NULL,NULL,'B.Com / M.Com in Accounting, Finance, Banking, Insurance','Merit-based (12th Marks)','Deloitte, KPMG, EY, HDFC Bank, ICICI Bank, TCS, Reliance','Advanced Computer Labs, Massive Library, Placement Cell, Smart Classrooms, Auditorium','This college offers strong commerce education with focus on finance, accounting, and business skills.','2026-04-27 13:18:05','2026-04-27 13:18:05',NULL,NULL,NULL,NULL,NULL,NULL,'Accounting & Finance (BAF), Banking & Insurance (BBI), Financial Markets (BFM)','₹3 LPA – ₹8 LPA (Higher for top-tier institutes)',NULL),(253,'Shivaji University Kolhapur (Commerce Dept)',2,'Kolhapur','Maharashtra','₹8,000 – ₹30,000 per year','Government',NULL,NULL,'B.Com / M.Com in Accounting, Finance, Banking, Insurance','Merit-based (12th Marks)','Deloitte, KPMG, EY, HDFC Bank, ICICI Bank, TCS, Reliance','Advanced Computer Labs, Massive Library, Placement Cell, Smart Classrooms, Auditorium','This college offers strong commerce education with focus on finance, accounting, and business skills.','2026-04-27 13:18:05','2026-04-27 13:18:05',NULL,NULL,NULL,NULL,NULL,NULL,'Accounting & Finance (BAF), Banking & Insurance (BBI), Financial Markets (BFM)','₹3 LPA – ₹8 LPA (Higher for top-tier institutes)',NULL),(254,'Rajaram College',2,'Kolhapur','Maharashtra','₹8,000 – ₹30,000 per year','Government',NULL,NULL,'B.Com / M.Com in Accounting, Finance, Banking, Insurance','Merit-based (12th Marks)','Deloitte, KPMG, EY, HDFC Bank, ICICI Bank, TCS, Reliance','Advanced Computer Labs, Massive Library, Placement Cell, Smart Classrooms, Auditorium','This college offers strong commerce education with focus on finance, accounting, and business skills.','2026-04-27 13:18:05','2026-04-27 13:18:05',NULL,NULL,NULL,NULL,NULL,NULL,'Accounting & Finance (BAF), Banking & Insurance (BBI), Financial Markets (BFM)','₹3 LPA – ₹8 LPA (Higher for top-tier institutes)',NULL),(255,'New Arts, Commerce and Science College',2,'Ahmednagar','Maharashtra','₹8,000 – ₹30,000 per year','Private',NULL,NULL,'B.Com / M.Com in Accounting, Finance, Banking, Insurance','Merit-based (12th Marks)','Deloitte, KPMG, EY, HDFC Bank, ICICI Bank, TCS, Reliance','Advanced Computer Labs, Massive Library, Placement Cell, Smart Classrooms, Auditorium','This college offers strong commerce education with focus on finance, accounting, and business skills.','2026-04-27 13:18:05','2026-04-27 13:18:05',NULL,NULL,NULL,NULL,NULL,NULL,'Accounting & Finance (BAF), Banking & Insurance (BBI), Financial Markets (BFM)','₹3 LPA – ₹8 LPA (Higher for top-tier institutes)',NULL),(256,'Shrirampur College',2,'Ahmednagar','Maharashtra','₹8,000 – ₹30,000 per year','Private',NULL,NULL,'B.Com / M.Com in Accounting, Finance, Banking, Insurance','Merit-based (12th Marks)','Deloitte, KPMG, EY, HDFC Bank, ICICI Bank, TCS, Reliance','Advanced Computer Labs, Massive Library, Placement Cell, Smart Classrooms, Auditorium','This college offers strong commerce education with focus on finance, accounting, and business skills.','2026-04-27 13:18:05','2026-04-27 13:18:05',NULL,NULL,NULL,NULL,NULL,NULL,'Accounting & Finance (BAF), Banking & Insurance (BBI), Financial Markets (BFM)','₹3 LPA – ₹8 LPA (Higher for top-tier institutes)',NULL),(257,'SIES College of Arts, Science and Commerce',2,'Navi Mumbai','Maharashtra','₹8,000 – ₹30,000 per year','Private',NULL,NULL,'B.Com / M.Com in Accounting, Finance, Banking, Insurance','Merit-based (12th Marks)','Deloitte, KPMG, EY, HDFC Bank, ICICI Bank, TCS, Reliance','Advanced Computer Labs, Massive Library, Placement Cell, Smart Classrooms, Auditorium','This college offers strong commerce education with focus on finance, accounting, and business skills.','2026-04-27 13:18:05','2026-04-27 13:18:05',NULL,NULL,NULL,NULL,NULL,NULL,'Accounting & Finance (BAF), Banking & Insurance (BBI), Financial Markets (BFM)','₹3 LPA – ₹8 LPA (Higher for top-tier institutes)',NULL),(258,'Pillai College of Arts, Commerce and Science',2,'Navi Mumbai','Maharashtra','₹8,000 – ₹30,000 per year','Private',NULL,NULL,'B.Com / M.Com in Accounting, Finance, Banking, Insurance','Merit-based (12th Marks)','Deloitte, KPMG, EY, HDFC Bank, ICICI Bank, TCS, Reliance','Advanced Computer Labs, Massive Library, Placement Cell, Smart Classrooms, Auditorium','This college offers strong commerce education with focus on finance, accounting, and business skills.','2026-04-27 13:18:05','2026-04-27 13:18:05',NULL,NULL,NULL,NULL,NULL,NULL,'Accounting & Finance (BAF), Banking & Insurance (BBI), Financial Markets (BFM)','₹3 LPA – ₹8 LPA (Higher for top-tier institutes)',NULL),(259,'Mahatma Phule Krishi Vidyapeeth (Rahuri)',9,'Ahmednagar','Maharashtra','₹18,000 – ₹45,000 per year','Government',NULL,1,'B.Sc Agriculture, B.Tech Agricultural Engineering, M.Sc Agri','MHT-CET / ICAR AIEEA','NABARD, Agribusiness Startups, Seed Companies, Food Processing Units','Experimental Farms, Livestock Centers, High-Tech Labs, Library, Hostel','This college provides practical agriculture education with strong focus on field training research and modern farming techniques.','2026-04-27 13:18:05','2026-04-27 13:18:05',NULL,NULL,NULL,NULL,NULL,NULL,'Agronomy, Horticulture, Food Technology, Agribusiness','₹3 LPA – ₹7 LPA',NULL),(260,'Dr. Panjabrao Deshmukh Krishi Vidyapeeth (Akola)',9,'Akola','Maharashtra','₹18,000 – ₹45,000 per year','Government',NULL,1,'B.Sc Agriculture, B.Tech Agricultural Engineering, M.Sc Agri','MHT-CET / ICAR AIEEA','NABARD, Agribusiness Startups, Seed Companies, Food Processing Units','Experimental Farms, Livestock Centers, High-Tech Labs, Library, Hostel','This college provides practical agriculture education with strong focus on field training research and modern farming techniques.','2026-04-27 13:18:05','2026-04-27 13:18:05',NULL,NULL,NULL,NULL,NULL,NULL,'Agronomy, Horticulture, Food Technology, Agribusiness','₹3 LPA – ₹7 LPA',NULL),(261,'Vasantrao Naik Marathwada Krishi Vidyapeeth (Parbhani)',9,'Parbhani','Maharashtra','₹18,000 – ₹45,000 per year','Government',NULL,1,'B.Sc Agriculture, B.Tech Agricultural Engineering, M.Sc Agri','MHT-CET / ICAR AIEEA','NABARD, Agribusiness Startups, Seed Companies, Food Processing Units','Experimental Farms, Livestock Centers, High-Tech Labs, Library, Hostel','This college provides practical agriculture education with strong focus on field training research and modern farming techniques.','2026-04-27 13:18:05','2026-04-27 13:18:05',NULL,NULL,NULL,NULL,NULL,NULL,'Agronomy, Horticulture, Food Technology, Agribusiness','₹3 LPA – ₹7 LPA',NULL),(262,'Dr. Balasaheb Sawant Konkan Krishi Vidyapeeth (Dapoli)',9,'Ratnagiri','Maharashtra','₹18,000 – ₹45,000 per year','Government',NULL,1,'B.Sc Agriculture, B.Tech Agricultural Engineering, M.Sc Agri','MHT-CET / ICAR AIEEA','NABARD, Agribusiness Startups, Seed Companies, Food Processing Units','Experimental Farms, Livestock Centers, High-Tech Labs, Library, Hostel','This college provides practical agriculture education with strong focus on field training research and modern farming techniques.','2026-04-27 13:18:05','2026-04-27 13:18:05',NULL,NULL,NULL,NULL,NULL,NULL,'Agronomy, Horticulture, Food Technology, Agribusiness','₹3 LPA – ₹7 LPA',NULL),(263,'College of Agriculture Pune',9,'Pune','Maharashtra','₹18,000 – ₹45,000 per year','Government',NULL,NULL,'B.Sc Agriculture, B.Tech Agricultural Engineering, M.Sc Agri','MHT-CET / ICAR AIEEA','NABARD, Agribusiness Startups, Seed Companies, Food Processing Units','Experimental Farms, Livestock Centers, High-Tech Labs, Library, Hostel','This college provides practical agriculture education with strong focus on field training research and modern farming techniques.','2026-04-27 13:18:05','2026-04-27 13:18:05',NULL,NULL,NULL,NULL,NULL,NULL,'Agronomy, Horticulture, Food Technology, Agribusiness','₹3 LPA – ₹7 LPA',NULL),(264,'College of Agriculture and Allied Sciences Pune',9,'Pune','Maharashtra','₹60,000 – ₹1,80,000 per year','Private',NULL,NULL,'B.Sc Agriculture, B.Tech Agricultural Engineering, M.Sc Agri','MHT-CET / ICAR AIEEA','NABARD, Agribusiness Startups, Seed Companies, Food Processing Units','Experimental Farms, Livestock Centers, High-Tech Labs, Library, Hostel','This college provides practical agriculture education with strong focus on field training research and modern farming techniques.','2026-04-27 13:18:05','2026-04-27 13:18:05',NULL,NULL,NULL,NULL,NULL,NULL,'Agronomy, Horticulture, Food Technology, Agribusiness','₹3 LPA – ₹7 LPA',NULL),(265,'College of Agriculture Nagpur',9,'Nagpur','Maharashtra','₹18,000 – ₹45,000 per year','Government',NULL,NULL,'B.Sc Agriculture, B.Tech Agricultural Engineering, M.Sc Agri','MHT-CET / ICAR AIEEA','NABARD, Agribusiness Startups, Seed Companies, Food Processing Units','Experimental Farms, Livestock Centers, High-Tech Labs, Library, Hostel','This college provides practical agriculture education with strong focus on field training research and modern farming techniques.','2026-04-27 13:18:05','2026-04-27 13:18:05',NULL,NULL,NULL,NULL,NULL,NULL,'Agronomy, Horticulture, Food Technology, Agribusiness','₹3 LPA – ₹7 LPA',NULL),(266,'Nagpur Veterinary College',9,'Nagpur','Maharashtra','₹18,000 – ₹45,000 per year','Government',NULL,NULL,'B.Sc Agriculture, B.Tech Agricultural Engineering, M.Sc Agri','MHT-CET / ICAR AIEEA','NABARD, Agribusiness Startups, Seed Companies, Food Processing Units','Experimental Farms, Livestock Centers, High-Tech Labs, Library, Hostel','This college provides practical agriculture education with strong focus on field training research and modern farming techniques.','2026-04-27 13:18:05','2026-04-27 13:18:05',NULL,NULL,NULL,NULL,NULL,NULL,'Agronomy, Horticulture, Food Technology, Agribusiness','₹3 LPA – ₹7 LPA',NULL),(267,'College of Agriculture Parbhani',9,'Parbhani','Maharashtra','₹18,000 – ₹45,000 per year','Government',NULL,NULL,'B.Sc Agriculture, B.Tech Agricultural Engineering, M.Sc Agri','MHT-CET / ICAR AIEEA','NABARD, Agribusiness Startups, Seed Companies, Food Processing Units','Experimental Farms, Livestock Centers, High-Tech Labs, Library, Hostel','This college provides practical agriculture education with strong focus on field training research and modern farming techniques.','2026-04-27 13:18:05','2026-04-27 13:18:05',NULL,NULL,NULL,NULL,NULL,NULL,'Agronomy, Horticulture, Food Technology, Agribusiness','₹3 LPA – ₹7 LPA',NULL),(268,'College of Agriculture Dapoli',9,'Ratnagiri','Maharashtra','₹18,000 – ₹45,000 per year','Government',NULL,NULL,'B.Sc Agriculture, B.Tech Agricultural Engineering, M.Sc Agri','MHT-CET / ICAR AIEEA','NABARD, Agribusiness Startups, Seed Companies, Food Processing Units','Experimental Farms, Livestock Centers, High-Tech Labs, Library, Hostel','This college provides practical agriculture education with strong focus on field training research and modern farming techniques.','2026-04-27 13:18:05','2026-04-27 13:18:05',NULL,NULL,NULL,NULL,NULL,NULL,'Agronomy, Horticulture, Food Technology, Agribusiness','₹3 LPA – ₹7 LPA',NULL),(269,'Central Institute of Fisheries Education (Mumbai)',9,'Mumbai','Maharashtra','₹18,000 – ₹45,000 per year','Government',NULL,1,'B.Sc Agriculture, B.Tech Agricultural Engineering, M.Sc Agri','MHT-CET / ICAR AIEEA','NABARD, Agribusiness Startups, Seed Companies, Food Processing Units','Experimental Farms, Livestock Centers, High-Tech Labs, Library, Hostel','This college provides practical agriculture education with strong focus on field training research and modern farming techniques.','2026-04-27 13:18:05','2026-04-27 13:18:05',NULL,NULL,NULL,NULL,NULL,NULL,'Agronomy, Horticulture, Food Technology, Agribusiness','₹3 LPA – ₹7 LPA',NULL),(270,'Anand Niketan College of Agriculture (Chandrapur)',9,'Chandrapur','Maharashtra','₹60,000 – ₹1,80,000 per year','Private',NULL,NULL,'B.Sc Agriculture, B.Tech Agricultural Engineering, M.Sc Agri','MHT-CET / ICAR AIEEA','NABARD, Agribusiness Startups, Seed Companies, Food Processing Units','Experimental Farms, Livestock Centers, High-Tech Labs, Library, Hostel','This college provides practical agriculture education with strong focus on field training research and modern farming techniques.','2026-04-27 13:18:05','2026-04-27 13:18:05',NULL,NULL,NULL,NULL,NULL,NULL,'Agronomy, Horticulture, Food Technology, Agribusiness','₹3 LPA – ₹7 LPA',NULL),(271,'College of Agriculture Dhule',9,'Dhule','Maharashtra','₹18,000 – ₹45,000 per year','Government',NULL,NULL,'B.Sc Agriculture, B.Tech Agricultural Engineering, M.Sc Agri','MHT-CET / ICAR AIEEA','NABARD, Agribusiness Startups, Seed Companies, Food Processing Units','Experimental Farms, Livestock Centers, High-Tech Labs, Library, Hostel','This college provides practical agriculture education with strong focus on field training research and modern farming techniques.','2026-04-27 13:18:05','2026-04-27 13:18:05',NULL,NULL,NULL,NULL,NULL,NULL,'Agronomy, Horticulture, Food Technology, Agribusiness','₹3 LPA – ₹7 LPA',NULL),(272,'College of Agriculture Kolhapur',9,'Kolhapur','Maharashtra','₹18,000 – ₹45,000 per year','Government',NULL,NULL,'B.Sc Agriculture, B.Tech Agricultural Engineering, M.Sc Agri','MHT-CET / ICAR AIEEA','NABARD, Agribusiness Startups, Seed Companies, Food Processing Units','Experimental Farms, Livestock Centers, High-Tech Labs, Library, Hostel','This college provides practical agriculture education with strong focus on field training research and modern farming techniques.','2026-04-27 13:18:05','2026-04-27 13:18:05',NULL,NULL,NULL,NULL,NULL,NULL,'Agronomy, Horticulture, Food Technology, Agribusiness','₹3 LPA – ₹7 LPA',NULL);
/*!40000 ALTER TABLE `colleges` ENABLE KEYS */;
UNLOCK TABLES;

--
-- Table structure for table `competitive_exams`
--

DROP TABLE IF EXISTS `competitive_exams`;
/*!40101 SET @saved_cs_client     = @@character_set_client */;
/*!50503 SET character_set_client = utf8mb4 */;
CREATE TABLE `competitive_exams` (
  `id` bigint(20) unsigned NOT NULL AUTO_INCREMENT,
  `name` varchar(255) NOT NULL,
  `slug` varchar(255) NOT NULL,
  `category` varchar(255) NOT NULL,
  `conducting_body` varchar(255) NOT NULL,
  `purpose` text NOT NULL,
  `eligibility` varchar(255) NOT NULL,
  `age_limit` varchar(255) NOT NULL,
  `exam_pattern` text NOT NULL,
  `difficulty_level` enum('Easy','Moderate','High','Very High') NOT NULL DEFAULT 'Moderate',
  `career_outcome` text NOT NULL,
  `description` text NOT NULL,
  `roadmap` longtext CHARACTER SET utf8mb4 COLLATE utf8mb4_bin NOT NULL CHECK (json_valid(`roadmap`)),
  `prep_tips` longtext CHARACTER SET utf8mb4 COLLATE utf8mb4_bin NOT NULL CHECK (json_valid(`prep_tips`)),
  `icon` varchar(255) NOT NULL DEFAULT 'fa-file-signature',
  `created_at` timestamp NULL DEFAULT NULL,
  `updated_at` timestamp NULL DEFAULT NULL,
  PRIMARY KEY (`id`),
  UNIQUE KEY `competitive_exams_slug_unique` (`slug`)
) ENGINE=InnoDB AUTO_INCREMENT=7 DEFAULT CHARSET=utf8mb4 COLLATE=utf8mb4_unicode_ci;
/*!40101 SET character_set_client = @saved_cs_client */;

--
-- Dumping data for table `competitive_exams`
--

LOCK TABLES `competitive_exams` WRITE;
/*!40000 ALTER TABLE `competitive_exams` DISABLE KEYS */;
INSERT INTO `competitive_exams` VALUES (1,'UPSC Civil Services Examination','upsc-civil-services-examination','Government Exams','Union Public Service Commission (UPSC)','Selection for IAS, IPS, IFS, and other Group A services.','Any Graduate (Degree from recognized University)','21 - 32 years (Relaxation for OBC/SC/ST)','Three Stages: Prelims (Objective), Mains (Descriptive), and Personality Test (Interview).','Very High','High-ranking Bureaucrat, Administrator, or Police Officer. Salary: ₹56,100 - ₹2,50,000+ PM.','The toughest and most prestigious exam in India for those who want to serve the nation at the highest level of administration.','[\"Foundation: Understand the syllabus and NCERT basics (6-12 months)\",\"Standard Books: Master subjects like History, Polity, Geography, and Economy\",\"Current Affairs: Daily Newspaper reading and monthly compilations\",\"Prelims Focus: Practice 50+ Mock Tests and PYQs\",\"Mains Focus: Answer writing practice and Optional subject mastery\",\"Interview: Personality development and mock interviews\"]','[\"Consistency is more important than number of hours\",\"Make concise notes for multiple revisions\",\"Analyze previous years papers to understand trend\",\"Do not ignore CSAT (Prelims Paper 2)\",\"Choose an Optional subject you are passionate about\"]','fa-landmark-flag','2026-04-27 13:18:05','2026-04-27 13:18:05'),(2,'IBPS PO (Probationary Officer)','ibps-po-probationary-officer','Banking Exams','Institute of Banking Personnel Selection','Recruitment for officers in Public Sector Banks.','Any Graduate','20 - 30 years','Prelims (Online Obj), Mains (Online Obj + Des), and Interview.','High','Bank Officer with rapid promotion to Management roles. Salary: ₹52,000 - ₹65,000 PM.','A fast-track career path in the banking sector with job security and excellent growth potential.','[\"Speed & Accuracy: Practice Vedic Maths and mental calculation\",\"Sections: Master Reasoning, Quant, and English separately\",\"General Awareness: Focus on Banking Awareness and Economy news\",\"Mock Tests: Take daily sectional tests and weekly full mocks\",\"Mains Writing: Practice letter and essay writing\"]','[\"Solve 50+ puzzles and 50+ DIs every week\",\"Focus on high-weightage topics like Data Interpretation\",\"Read economic times or financial express regularly\",\"Maintain a high accuracy rate even if you attempt fewer questions\"]','fa-building-columns','2026-04-27 13:18:05','2026-04-27 13:18:05'),(3,'JEE Advanced','jee-advanced','Entrance Exams','One of the seven IITs (on behalf of JAB)','Admission to Undergraduate Engineering programs in IITs.','12th Pass with PCM + Top rankers of JEE Main','Max 25 years (Relaxation applies)','Two Papers (Computer Based), both mandatory. Questions are highly conceptual.','Very High','Software Engineer, Researcher, Scientist, or Entrepreneur from world-class IITs.','Considered one of the most difficult engineering entrance exams globally, testing deep conceptual clarity.','[\"Concepts: Build 11th & 12th Physics, Chemistry, Maths foundation\",\"Problem Solving: Solve Irodov for Physics and Arihant\\/Cengage for Maths\",\"Mock Tests: Intense practice of previous year JEE Advanced papers\",\"Analysis: Identify weak topics after every test and re-read theory\"]','[\"Physics: Focus on Mechanics and Electrodynamics\",\"Maths: Practice Calculus and Coordinate Geometry daily\",\"Chemistry: Inorganic requires regular revision; Organic needs logic\",\"Health: Manage stress and sleep well during the final month\"]','fa-atom','2026-04-27 13:18:05','2026-04-27 13:18:05'),(4,'NDA (National Defence Academy)','nda-national-defence-academy','Defence Exams','UPSC','Entry into Army, Navy, and Air Force as Officers.','12th Pass (PCM for Navy/Air Force)','16.5 - 19.5 years','Written Exam (Maths + GAT) followed by SSB Interview (5 Days).','High','Lieutenant in Indian Army or equivalent. Prestigious life and adventure. Salary: ₹56,100+.','The premier joint services training institution of the Indian Armed Forces.','[\"Maths: Master 11th-12th Maths topics (300 Marks paper)\",\"English & GS: Improve vocabulary and Basic Science\\/SST knowledge\",\"Physical Fitness: Start running and basic bodyweight exercises\",\"SSB Preparation: Work on communication skills and leadership traits\"]','[\"Maths is the deciding factor; do not ignore it\",\"Be honest and confident for the SSB interview\",\"Stay updated with world affairs for the GD rounds\",\"Practice mental stamina for the 5-day selection process\"]','fa-shield-halved','2026-04-27 13:18:05','2026-04-27 13:18:05'),(5,'MPSC State Services','mpsc-state-services','Police Exams','Maharashtra Public Service Commission','Recruitment for DySP, ACP, and other State Gazetted posts.','Any Graduate (Marathi language knowledge required)','19 - 38 years (Relaxation for categories)','Prelims (Objective), Mains (Descriptive), and Interview.','High','Deputy Collector, DySP, Tehsildar. Powerful role in state governance.','The gateway for those wanting to serve in the Maharashtra State Government administration.','[\"Language: Master Marathi and English grammar\",\"State History: Deep dive into Maharashtra\'s history and geography\",\"Mains Preparation: Selective reading of GS1 to GS4 topics\",\"Test Series: Regular practice of descriptive answer writing\"]','[\"Read the MPSC specific state board books\",\"Watch local news and stay updated with state government schemes\",\"Practice Marathi typing if required for specific posts\",\"Focus on accuracy in the Prelims CSAT paper\"]','fa-person-military-pointing','2026-04-27 13:18:05','2026-04-27 13:18:05'),(6,'Chartered Accountancy (CA)','chartered-accountancy-ca','Professional Exams','The Institute of Chartered Accountants of India (ICAI)','Becoming a certified Chartered Accountant.','12th Pass (for Foundation) or Graduate (for Direct Entry)','No upper age limit','Three Levels: Foundation, Intermediate, and Final + Articleship training.','Very High','Auditor, Financial Consultant, or Tax Expert. Salary: ₹8L - ₹25L+ PA.','One of the most respected professional certifications globally for finance and accounting.','[\"Foundation: Build strong Accounting and Law basics\",\"Intermediate: Clear Group 1 and Group 2 with 8 months study\",\"Articleship: 2-3 years of practical training under a practicing CA\",\"Final: Toughest level; focus on SFM, FR, and Taxation\"]','[\"Focus on ICAI Study Material strictly\",\"Multiple revisions (at least 3) are mandatory\",\"Practice Mock Test Papers (MTP) and Revision Test Papers (RTP)\",\"Conceptual clarity is more important than rote learning\"]','fa-file-invoice-dollar','2026-04-27 13:18:05','2026-04-27 13:18:05');
/*!40000 ALTER TABLE `competitive_exams` ENABLE KEYS */;
UNLOCK TABLES;

--
-- Table structure for table `dimensions`
--

DROP TABLE IF EXISTS `dimensions`;
/*!40101 SET @saved_cs_client     = @@character_set_client */;
/*!50503 SET character_set_client = utf8mb4 */;
CREATE TABLE `dimensions` (
  `id` bigint(20) unsigned NOT NULL AUTO_INCREMENT,
  `name` varchar(255) NOT NULL,
  `slug` varchar(255) NOT NULL,
  `description` text DEFAULT NULL,
  `created_at` timestamp NULL DEFAULT NULL,
  `updated_at` timestamp NULL DEFAULT NULL,
  PRIMARY KEY (`id`),
  UNIQUE KEY `dimensions_slug_unique` (`slug`)
) ENGINE=InnoDB AUTO_INCREMENT=8 DEFAULT CHARSET=utf8mb4 COLLATE=utf8mb4_unicode_ci;
/*!40101 SET character_set_client = @saved_cs_client */;

--
-- Dumping data for table `dimensions`
--

LOCK TABLES `dimensions` WRITE;
/*!40000 ALTER TABLE `dimensions` DISABLE KEYS */;
INSERT INTO `dimensions` VALUES (1,'Language Aptitude','language-aptitude','Measures Language Aptitude','2026-04-27 13:18:05','2026-04-27 13:18:05'),(2,'Abstract Reasoning','abstract-reasoning','Measures Abstract Reasoning','2026-04-27 13:18:05','2026-04-27 13:18:05'),(3,'Verbal Reasoning','verbal-reasoning','Measures Verbal Reasoning','2026-04-27 13:18:05','2026-04-27 13:18:05'),(4,'Mechanical Reasoning','mechanical-reasoning','Measures Mechanical Reasoning','2026-04-27 13:18:05','2026-04-27 13:18:05'),(5,'Numerical Aptitude','numerical-aptitude','Measures Numerical Aptitude','2026-04-27 13:18:05','2026-04-27 13:18:05'),(6,'Spatial Aptitude','spatial-aptitude','Measures Spatial Aptitude','2026-04-27 13:18:05','2026-04-27 13:18:05'),(7,'Perceptual Aptitude','perceptual-aptitude','Measures Perceptual Aptitude','2026-04-27 13:18:05','2026-04-27 13:18:05');
/*!40000 ALTER TABLE `dimensions` ENABLE KEYS */;
UNLOCK TABLES;

--
-- Table structure for table `failed_jobs`
--

DROP TABLE IF EXISTS `failed_jobs`;
/*!40101 SET @saved_cs_client     = @@character_set_client */;
/*!50503 SET character_set_client = utf8mb4 */;
CREATE TABLE `failed_jobs` (
  `id` bigint(20) unsigned NOT NULL AUTO_INCREMENT,
  `uuid` varchar(255) NOT NULL,
  `connection` text NOT NULL,
  `queue` text NOT NULL,
  `payload` longtext NOT NULL,
  `exception` longtext NOT NULL,
  `failed_at` timestamp NOT NULL DEFAULT current_timestamp(),
  PRIMARY KEY (`id`),
  UNIQUE KEY `failed_jobs_uuid_unique` (`uuid`)
) ENGINE=InnoDB DEFAULT CHARSET=utf8mb4 COLLATE=utf8mb4_unicode_ci;
/*!40101 SET character_set_client = @saved_cs_client */;

--
-- Dumping data for table `failed_jobs`
--

LOCK TABLES `failed_jobs` WRITE;
/*!40000 ALTER TABLE `failed_jobs` DISABLE KEYS */;
/*!40000 ALTER TABLE `failed_jobs` ENABLE KEYS */;
UNLOCK TABLES;

--
-- Table structure for table `fields`
--

DROP TABLE IF EXISTS `fields`;
/*!40101 SET @saved_cs_client     = @@character_set_client */;
/*!50503 SET character_set_client = utf8mb4 */;
CREATE TABLE `fields` (
  `id` bigint(20) unsigned NOT NULL AUTO_INCREMENT,
  `name` varchar(255) NOT NULL,
  `slug` varchar(255) NOT NULL,
  `icon` varchar(255) NOT NULL DEFAULT 'fa-briefcase',
  `color` varchar(255) NOT NULL DEFAULT '#1a56db',
  `bg_color` varchar(255) NOT NULL DEFAULT '#e8f0fe',
  `created_at` timestamp NULL DEFAULT NULL,
  `updated_at` timestamp NULL DEFAULT NULL,
  PRIMARY KEY (`id`),
  UNIQUE KEY `fields_slug_unique` (`slug`)
) ENGINE=InnoDB AUTO_INCREMENT=23 DEFAULT CHARSET=utf8mb4 COLLATE=utf8mb4_unicode_ci;
/*!40101 SET character_set_client = @saved_cs_client */;

--
-- Dumping data for table `fields`
--

LOCK TABLES `fields` WRITE;
/*!40000 ALTER TABLE `fields` DISABLE KEYS */;
INSERT INTO `fields` VALUES (1,'Arts & Humanities','arts-humanities','fa-palette','#7c3aed','#ede9fe','2026-04-27 13:18:04','2026-04-27 13:18:04'),(2,'Commerce','commerce','fa-chart-line','#16a34a','#dcfce7','2026-04-27 13:18:04','2026-04-27 13:18:04'),(3,'Science','science','fa-flask','#1d4ed8','#dbeafe','2026-04-27 13:18:04','2026-04-27 13:18:04'),(4,'Technology / Engineering','technology-engineering','fa-microchip','#dc2626','#fee2e2','2026-04-27 13:18:04','2026-04-27 13:18:04'),(5,'Medical','medical','fa-stethoscope','#ea580c','#ffedd5','2026-04-27 13:18:04','2026-04-27 13:18:04'),(6,'Business Administration','business','fa-building','#0891b2','#cffafe','2026-04-27 13:18:04','2026-04-27 13:18:04'),(7,'Skill Development','skill-development','fa-tools','#d97706','#fef3c7','2026-04-27 13:18:04','2026-04-27 13:18:04'),(8,'Sports','sports','fa-futbol','#16a34a','#dcfce7','2026-04-27 13:18:04','2026-04-27 13:18:04'),(9,'Agriculture','agriculture','fa-seedling','#4d7c0f','#d9f99d','2026-04-27 13:18:04','2026-04-27 13:18:04'),(10,'Small Scale Businesses','small-scale','fa-store','#b45309','#fef3c7','2026-04-27 13:18:04','2026-04-27 13:18:04'),(11,'Government & Defence','government-defence','fa-shield-halved','#1e293b','#f1f5f9','2026-04-27 13:18:04','2026-04-27 13:18:04'),(12,'Teaching & Law','teaching-law','fa-graduation-cap','#1e3a8a','#dbeafe','2026-04-27 13:18:04','2026-04-27 13:18:04'),(13,'Modern Tech & AI','modern-tech','fa-brain','#7c3aed','#f5f3ff','2026-04-27 13:18:04','2026-04-27 13:18:04'),(14,'Creative Careers','creative-careers','fa-palette','#ec4899','#fdf2f8','2026-04-27 13:18:04','2026-04-27 13:18:04'),(15,'Social Media & Content','social-media','fa-clapperboard','#f43f5e','#fff1f2','2026-04-27 13:18:04','2026-04-27 13:18:04'),(16,'Gaming & E-sports','gaming-careers','fa-gamepad','#8b5cf6','#f3f4ff','2026-04-27 13:18:04','2026-04-27 13:18:04'),(17,'Freelancing & Remote','freelancing','fa-globe','#10b981','#ecfdf5','2026-04-27 13:18:04','2026-04-27 13:18:04'),(18,'Competitive Exams','competitive-exams','fa-file-signature','#be123c','#fff1f2','2026-04-27 13:18:04','2026-04-27 13:18:04'),(19,'Others','others','fa-ellipsis','#6366f1','#e0e7ff','2026-04-27 13:18:04','2026-04-27 13:18:04'),(20,'Hotel Management','hotel-management','fa-hotel','#f59e0b','#fef3c7','2026-04-27 13:18:04','2026-04-27 13:18:04'),(21,'Pharmaceutical Sciences','pharmacy','fa-pills','#db2777','#fce7f3','2026-04-27 13:18:04','2026-04-27 13:18:04'),(22,'AYUSH & Allied Health','ayush-allied','fa-leaf','#059669','#ecfdf5','2026-04-27 13:18:04','2026-04-27 13:18:04');
/*!40000 ALTER TABLE `fields` ENABLE KEYS */;
UNLOCK TABLES;

--
-- Table structure for table `job_batches`
--

DROP TABLE IF EXISTS `job_batches`;
/*!40101 SET @saved_cs_client     = @@character_set_client */;
/*!50503 SET character_set_client = utf8mb4 */;
CREATE TABLE `job_batches` (
  `id` varchar(255) NOT NULL,
  `name` varchar(255) NOT NULL,
  `total_jobs` int(11) NOT NULL,
  `pending_jobs` int(11) NOT NULL,
  `failed_jobs` int(11) NOT NULL,
  `failed_job_ids` longtext NOT NULL,
  `options` mediumtext DEFAULT NULL,
  `cancelled_at` int(11) DEFAULT NULL,
  `created_at` int(11) NOT NULL,
  `finished_at` int(11) DEFAULT NULL,
  PRIMARY KEY (`id`)
) ENGINE=InnoDB DEFAULT CHARSET=utf8mb4 COLLATE=utf8mb4_unicode_ci;
/*!40101 SET character_set_client = @saved_cs_client */;

--
-- Dumping data for table `job_batches`
--

LOCK TABLES `job_batches` WRITE;
/*!40000 ALTER TABLE `job_batches` DISABLE KEYS */;
/*!40000 ALTER TABLE `job_batches` ENABLE KEYS */;
UNLOCK TABLES;

--
-- Table structure for table `jobs`
--

DROP TABLE IF EXISTS `jobs`;
/*!40101 SET @saved_cs_client     = @@character_set_client */;
/*!50503 SET character_set_client = utf8mb4 */;
CREATE TABLE `jobs` (
  `id` bigint(20) unsigned NOT NULL AUTO_INCREMENT,
  `queue` varchar(255) NOT NULL,
  `payload` longtext NOT NULL,
  `attempts` tinyint(3) unsigned NOT NULL,
  `reserved_at` int(10) unsigned DEFAULT NULL,
  `available_at` int(10) unsigned NOT NULL,
  `created_at` int(10) unsigned NOT NULL,
  PRIMARY KEY (`id`),
  KEY `jobs_queue_index` (`queue`)
) ENGINE=InnoDB DEFAULT CHARSET=utf8mb4 COLLATE=utf8mb4_unicode_ci;
/*!40101 SET character_set_client = @saved_cs_client */;

--
-- Dumping data for table `jobs`
--

LOCK TABLES `jobs` WRITE;
/*!40000 ALTER TABLE `jobs` DISABLE KEYS */;
/*!40000 ALTER TABLE `jobs` ENABLE KEYS */;
UNLOCK TABLES;

--
-- Table structure for table `migrations`
--

DROP TABLE IF EXISTS `migrations`;
/*!40101 SET @saved_cs_client     = @@character_set_client */;
/*!50503 SET character_set_client = utf8mb4 */;
CREATE TABLE `migrations` (
  `id` int(10) unsigned NOT NULL AUTO_INCREMENT,
  `migration` varchar(255) NOT NULL,
  `batch` int(11) NOT NULL,
  PRIMARY KEY (`id`)
) ENGINE=InnoDB AUTO_INCREMENT=24 DEFAULT CHARSET=utf8mb4 COLLATE=utf8mb4_unicode_ci;
/*!40101 SET character_set_client = @saved_cs_client */;

--
-- Dumping data for table `migrations`
--

LOCK TABLES `migrations` WRITE;
/*!40000 ALTER TABLE `migrations` DISABLE KEYS */;
INSERT INTO `migrations` VALUES (1,'0001_01_01_000000_create_users_table',1),(2,'0001_01_01_000001_create_cache_table',1),(3,'0001_01_01_000002_create_jobs_table',1),(4,'2026_04_11_000001_create_fields_table',1),(5,'2026_04_11_000002_create_subjects_table',1),(6,'2026_04_11_000003_create_careers_table',1),(7,'2026_04_11_000004_create_career_subjects_table',1),(8,'2026_04_11_000005_create_colleges_table',1),(9,'2026_04_20_144338_create_dimensions_table',1),(10,'2026_04_20_144401_create_questions_table',1),(11,'2026_04_20_144919_create_test_sessions_table',1),(12,'2026_04_20_144932_add_aptitude_fields_to_careers_table',1),(13,'2026_04_20_151316_add_recommended_fields_to_test_sessions',1),(14,'2026_04_23_000001_create_business_ideas_table',1),(15,'2026_04_23_000002_create_skill_courses_table',1),(16,'2026_04_23_000003_create_competitive_exams_table',1),(17,'2026_04_23_000004_create_non_traditional_careers_table',1),(18,'2026_04_23_085737_add_medical_fields_to_colleges_table',1),(19,'2026_04_23_090857_add_hotel_fields_to_colleges_table',1),(20,'2026_04_23_092103_add_management_fields_to_colleges_table',1),(21,'2026_04_23_094801_add_pharmacy_fields_to_colleges_table',1),(22,'2026_04_23_182042_create_traditional_careers_table',1),(23,'2026_04_23_182043_create_sport_careers_table',1);
/*!40000 ALTER TABLE `migrations` ENABLE KEYS */;
UNLOCK TABLES;

--
-- Table structure for table `non_traditional_careers`
--

DROP TABLE IF EXISTS `non_traditional_careers`;
/*!40101 SET @saved_cs_client     = @@character_set_client */;
/*!50503 SET character_set_client = utf8mb4 */;
CREATE TABLE `non_traditional_careers` (
  `id` bigint(20) unsigned NOT NULL AUTO_INCREMENT,
  `name` varchar(255) NOT NULL,
  `slug` varchar(255) NOT NULL,
  `category` varchar(255) NOT NULL,
  `description` text NOT NULL,
  `required_skills` varchar(255) NOT NULL,
  `learning_path` longtext CHARACTER SET utf8mb4 COLLATE utf8mb4_bin NOT NULL CHECK (json_valid(`learning_path`)),
  `tools_platforms` varchar(255) NOT NULL,
  `duration` varchar(255) NOT NULL,
  `income_potential` varchar(255) NOT NULL,
  `work_type` varchar(255) NOT NULL,
  `risk_level` varchar(255) NOT NULL,
  `icon` varchar(255) NOT NULL DEFAULT 'fa-rocket',
  `created_at` timestamp NULL DEFAULT NULL,
  `updated_at` timestamp NULL DEFAULT NULL,
  PRIMARY KEY (`id`),
  UNIQUE KEY `non_traditional_careers_slug_unique` (`slug`)
) ENGINE=InnoDB AUTO_INCREMENT=10 DEFAULT CHARSET=utf8mb4 COLLATE=utf8mb4_unicode_ci;
/*!40101 SET character_set_client = @saved_cs_client */;

--
-- Dumping data for table `non_traditional_careers`
--

LOCK TABLES `non_traditional_careers` WRITE;
/*!40000 ALTER TABLE `non_traditional_careers` DISABLE KEYS */;
INSERT INTO `non_traditional_careers` VALUES (1,'Data Scientist','data-scientist','Tech & Digital Careers','Unlocking insights from big data to solve complex business problems.','Python, Statistics, Machine Learning, Data Visualization','[\"Step 1: Learn Statistics & Python\",\"Step 2: Master SQL and Data Libraries\",\"Step 3: Work on Real Datasets (Kaggle)\",\"Step 4: Build a Portfolio of Insights\"]','Jupyter, Pandas, Tableau, Scikit-learn','6-8 Months','₹6L - ₹20L PA','Job / Remote','Low','fa-database','2026-04-27 13:18:05','2026-04-27 13:18:05'),(2,'AI Engineer','ai-engineer','Tech & Digital Careers','Developing and deploying artificial intelligence models and neural networks.','Deep Learning, Neural Networks, PyTorch/TensorFlow','[\"Step 1: Master Python and Calculus\",\"Step 2: Learn Machine Learning Basics\",\"Step 3: Specialize in NLP or Computer Vision\",\"Step 4: Build AI Apps and Deploy on Cloud\"]','TensorFlow, PyTorch, OpenAI API, AWS','8-12 Months','₹8L - ₹30L PA','Job / Remote','Low','fa-brain','2026-04-27 13:18:05','2026-04-27 13:18:05'),(3,'Ethical Hacker','ethical-hacker','Tech & Digital Careers','Finding and fixing security vulnerabilities in computer systems and networks.','Networking, Linux, Penetration Testing, Python','[\"Step 1: Learn Networking & OS Basics\",\"Step 2: Get CEH or CompTIA Security+ Cert\",\"Step 3: Practice on TryHackMe or HackTheBox\",\"Step 4: Participate in Bug Bounties\"]','Kali Linux, Burp Suite, Metasploit, Wireshark','6-10 Months','₹5L - ₹18L PA','Job / Freelance','Low','fa-user-secret','2026-04-27 13:18:05','2026-04-27 13:18:05'),(4,'Animator','animator','Creative Careers','Bringing characters and stories to life through 2D or 3D animation.','Drawing, Timing, 3D Modeling, Storyboarding','[\"Step 1: Learn 12 Principles of Animation\",\"Step 2: Master Maya or Blender\",\"Step 3: Create a 30-second Animation Reel\",\"Step 4: Apply for Studios or Freelance\"]','Blender, Maya, After Effects, Toon Boom','12 Months','₹4L - ₹12L PA','Job / Freelance','Medium','fa-person-running','2026-04-27 13:18:05','2026-04-27 13:18:05'),(5,'Photographer','photographer','Creative Careers','Capturing moments, products, or landscapes with professional precision.','Composition, Lighting, Photo Editing, Business Networking','[\"Step 1: Learn Camera Manual Settings\",\"Step 2: Master Lighting and Framing\",\"Step 3: Learn Post-processing (Lightroom)\",\"Step 4: Build an Instagram Portfolio & Network\"]','DSLR/Mirrorless, Adobe Lightroom, Photoshop','4-6 Months','₹30K - ₹2L PM','Freelance / Business','Medium','fa-camera-retro','2026-04-27 13:18:05','2026-04-27 13:18:05'),(6,'YouTuber','youtuber','Social Media Careers','Creating video content and building a loyal community on YouTube.','Content Planning, Video Editing, SEO, Consistency','[\"Step 1: Choose a Profitable Niche\",\"Step 2: Learn Basic Filming & Editing\",\"Step 3: Understand YouTube Algorithm & SEO\",\"Step 4: Post Weekly and Build Community\"]','YouTube, Premiere Pro, Canva, VidIQ','6-12 Months (Growth)','₹10K - ₹10L+ PM','Self-employed / Business','High','fa-youtube','2026-04-27 13:18:05','2026-04-27 13:18:05'),(7,'Game Developer','game-developer','Gaming Careers','Programming and building the mechanics of video games.','C#, C++, Unity/Unreal Engine, Game Math','[\"Step 1: Learn Programming Basics (C#)\",\"Step 2: Master Unity or Unreal Engine\",\"Step 3: Build 2 Small Games for Portfolio\",\"Step 4: Publish on Play Store or Steam\"]','Unity, Unreal Engine, GitHub, Visual Studio','8-12 Months','₹5L - ₹20L PA','Job / Freelance / Business','Low','fa-code','2026-04-27 13:18:05','2026-04-27 13:18:05'),(8,'Game Tester','game-tester','Gaming Careers','Finding bugs and providing feedback to improve game quality.','Attention to Detail, Quality Assurance, Bug Reporting','[\"Step 1: Understand Game Development Lifecycle\",\"Step 2: Learn Bug Tracking Tools (Jira)\",\"Step 3: Practice Systematic Testing\",\"Step 4: Apply for QA roles at Game Studios\"]','Jira, Excel, Bugzilla, Console/PC','2-3 Months','₹2.5L - ₹6L PA','Job','Low','fa-bug','2026-04-27 13:18:05','2026-04-27 13:18:05'),(9,'Digital Marketer','digital-marketer','Freelancing & Remote Work','Helping brands grow online through SEO, Ads, and Social Media.','SEO, SEM, Copywriting, Data Analytics','[\"Step 1: Understand Digital Marketing Basics\",\"Step 2: Get Certified (Google\\/HubSpot)\",\"Step 3: Run Small Campaigns or Freelance\",\"Step 4: Work as a Consultant or Agency\"]','Google Ads, Meta Ads Manager, SEMrush','4 Months','₹40K - ₹3L PM','Freelance / Job / Business','Low','fa-chart-line','2026-04-27 13:18:05','2026-04-27 13:18:05');
/*!40000 ALTER TABLE `non_traditional_careers` ENABLE KEYS */;
UNLOCK TABLES;

--
-- Table structure for table `password_reset_tokens`
--

DROP TABLE IF EXISTS `password_reset_tokens`;
/*!40101 SET @saved_cs_client     = @@character_set_client */;
/*!50503 SET character_set_client = utf8mb4 */;
CREATE TABLE `password_reset_tokens` (
  `email` varchar(255) NOT NULL,
  `token` varchar(255) NOT NULL,
  `created_at` timestamp NULL DEFAULT NULL,
  PRIMARY KEY (`email`)
) ENGINE=InnoDB DEFAULT CHARSET=utf8mb4 COLLATE=utf8mb4_unicode_ci;
/*!40101 SET character_set_client = @saved_cs_client */;

--
-- Dumping data for table `password_reset_tokens`
--

LOCK TABLES `password_reset_tokens` WRITE;
/*!40000 ALTER TABLE `password_reset_tokens` DISABLE KEYS */;
/*!40000 ALTER TABLE `password_reset_tokens` ENABLE KEYS */;
UNLOCK TABLES;

--
-- Table structure for table `questions`
--

DROP TABLE IF EXISTS `questions`;
/*!40101 SET @saved_cs_client     = @@character_set_client */;
/*!50503 SET character_set_client = utf8mb4 */;
CREATE TABLE `questions` (
  `id` bigint(20) unsigned NOT NULL AUTO_INCREMENT,
  `dimension_id` bigint(20) unsigned NOT NULL,
  `question_type` varchar(255) NOT NULL DEFAULT 'text_only',
  `question_text` text DEFAULT NULL,
  `question_images` longtext CHARACTER SET utf8mb4 COLLATE utf8mb4_bin DEFAULT NULL CHECK (json_valid(`question_images`)),
  `options_type` varchar(255) NOT NULL DEFAULT 'text',
  `options` longtext CHARACTER SET utf8mb4 COLLATE utf8mb4_bin NOT NULL CHECK (json_valid(`options`)),
  `correct_answer` varchar(255) NOT NULL,
  `created_at` timestamp NULL DEFAULT NULL,
  `updated_at` timestamp NULL DEFAULT NULL,
  PRIMARY KEY (`id`),
  KEY `questions_dimension_id_foreign` (`dimension_id`),
  CONSTRAINT `questions_dimension_id_foreign` FOREIGN KEY (`dimension_id`) REFERENCES `dimensions` (`id`) ON DELETE CASCADE
) ENGINE=InnoDB AUTO_INCREMENT=108 DEFAULT CHARSET=utf8mb4 COLLATE=utf8mb4_unicode_ci;
/*!40101 SET character_set_client = @saved_cs_client */;

--
-- Dumping data for table `questions`
--

LOCK TABLES `questions` WRITE;
/*!40000 ALTER TABLE `questions` DISABLE KEYS */;
INSERT INTO `questions` VALUES (1,1,'text_only','REMEDY',NULL,'text','[\"Treatment\",\"Rejection\",\"Prevention\",\"Protection\"]','Treatment','2026-04-27 13:18:05','2026-04-27 13:18:05'),(2,1,'text_only','STAMINA',NULL,'text','[\"Warmth\",\"Depth\",\"Strength\",\"Boldness\"]','Strength','2026-04-27 13:18:05','2026-04-27 13:18:05'),(3,1,'text_only','CAUTIOUS',NULL,'text','[\"Helpful\",\"Kind\",\"Diligent\",\"Careful\"]','Careful','2026-04-27 13:18:05','2026-04-27 13:18:05'),(4,1,'text_only','CLUMSY',NULL,'text','[\"Awkward\",\"Different\",\"Varied\",\"Arrogant\"]','Awkward','2026-04-27 13:18:05','2026-04-27 13:18:05'),(5,1,'text_only','ANCESTOR',NULL,'text','[\"Grandfather\",\"Forefather\",\"Elderly\",\"Antique\"]','Forefather','2026-04-27 13:18:05','2026-04-27 13:18:05'),(6,1,'text_only','FATAL',NULL,'text','[\"Dangerous\",\"Simple\",\"Severe\",\"Deadly\"]','Deadly','2026-04-27 13:18:05','2026-04-27 13:18:05'),(7,1,'text_only','PERSUADE',NULL,'text','[\"Discuss\",\"Convince\",\"Debate\",\"Converse\"]','Convince','2026-04-27 13:18:05','2026-04-27 13:18:05'),(8,1,'text_only','PROSPERITY',NULL,'text','[\"Wealth\",\"Health\",\"Wisdom\",\"Comfort\"]','Wealth','2026-04-27 13:18:05','2026-04-27 13:18:05'),(9,1,'text_only','CONTAMINATE',NULL,'text','[\"Combine\",\"Erode\",\"Suspend\",\"Pollute\"]','Pollute','2026-04-27 13:18:05','2026-04-27 13:18:05'),(10,1,'text_only','ACCOUNTABLE',NULL,'text','[\"Dependable\",\"Answerable\",\"Sincere\",\"Dutiful\"]','Answerable','2026-04-27 13:18:05','2026-04-27 13:18:05'),(11,1,'text_only','Select the correct spelling',NULL,'text','[\"Illeterate\",\"Illiterate\",\"Iliterate\",\"Illitrate\"]','Illiterate','2026-04-27 13:18:05','2026-04-27 13:18:05'),(12,1,'text_only','Select the correct spelling',NULL,'text','[\"Procede\",\"Proceede\",\"Procead\",\"Proceed\"]','Proceed','2026-04-27 13:18:05','2026-04-27 13:18:05'),(13,1,'text_only','Select the correct spelling',NULL,'text','[\"Sanitasion\",\"Sanitation\",\"Sanitetion\",\"Sanetation\"]','Sanitation','2026-04-27 13:18:05','2026-04-27 13:18:05'),(14,1,'text_only','Select the correct spelling',NULL,'text','[\"Skillful\",\"Skillful!\",\"Skiilful\",\"Skilful\"]','Skillful','2026-04-27 13:18:05','2026-04-27 13:18:05'),(15,1,'text_only','Select the correct spelling',NULL,'text','[\"Occasin\",\"Ocassin\",\"Occasion\",\"Ocassion\"]','Occasion','2026-04-27 13:18:05','2026-04-27 13:18:05'),(16,1,'text_only','Select the correct spelling',NULL,'text','[\"Argument\",\"Arguement\",\"Arguemint\",\"Arguiment\"]','Argument','2026-04-27 13:18:05','2026-04-27 13:18:05'),(17,1,'text_only','Select the correct spelling',NULL,'text','[\"Existance\",\"Existense\",\"Existanse\",\"Existence\"]','Existence','2026-04-27 13:18:05','2026-04-27 13:18:05'),(18,1,'text_only','Select the correct spelling',NULL,'text','[\"Transsnision\",\"Transmisson\",\"Transmission\",\"Transnision\"]','Transmission','2026-04-27 13:18:05','2026-04-27 13:18:05'),(19,1,'text_only','Select the correct spelling',NULL,'text','[\"Privilege\",\"Privlege\",\"Privelege\",\"Previlge\"]','Privilege','2026-04-27 13:18:05','2026-04-27 13:18:05'),(20,1,'text_only','Select the correct spelling',NULL,'text','[\"Vacination\",\"Vaccination\",\"Vaxination\",\"Vaccenation\"]','Vaccination','2026-04-27 13:18:05','2026-04-27 13:18:05'),(21,1,'text_only','Kill two birds with one stone',NULL,'text','[\"To achieve two things with one action\",\"To trap birds\",\"To throw stones\",\"To have two opportunities\"]','To achieve two things with one action','2026-04-27 13:18:05','2026-04-27 13:18:05'),(22,1,'text_only','Burn the midnight oil',NULL,'text','[\"Work late into the night\",\"Avoid work\",\"Work hard to achieve targets\",\"Finish two tasks\"]','Work late into the night','2026-04-27 13:18:05','2026-04-27 13:18:05'),(23,1,'text_only','Beat around the bush',NULL,'text','[\"Hide from someone\",\"Stay distant\",\"Avoid eye contact\",\"Avoid the main topic\"]','Avoid the main topic','2026-04-27 13:18:05','2026-04-27 13:18:05'),(24,1,'text_only','Hit the nail on the head',NULL,'text','[\"Make something new\",\"Do carpentry\",\"Do exactly the right thing\",\"Announce views\"]','Do exactly the right thing','2026-04-27 13:18:05','2026-04-27 13:18:05'),(25,1,'text_only','To keep one\'s temper',NULL,'text','[\"Stop talking\",\"Control anger\",\"Be aloof\",\"Become angry\"]','Control anger','2026-04-27 13:18:05','2026-04-27 13:18:05'),(26,1,'text_only','Not a spark of decency',NULL,'text','[\"No rights\",\"No duties\",\"No manners\",\"No energy\"]','No manners','2026-04-27 13:18:05','2026-04-27 13:18:05'),(27,1,'text_only','Don\'t judge a book by its cover',NULL,'text','[\"Judge by colour\",\"Judge by price\",\"Judge by appearance\",\"Judge from outside\"]','Judge by appearance','2026-04-27 13:18:05','2026-04-27 13:18:05'),(28,1,'text_only','Add insult to injury',NULL,'text','[\"Worsen a bad situation\",\"Insult injured person\",\"Laugh at someone\",\"Taunt someone\"]','Worsen a bad situation','2026-04-27 13:18:05','2026-04-27 13:18:05'),(29,1,'text_only','Honesty is the best policy',NULL,'text','[\"Better to lie\",\"Honesty equals truth\",\"Honesty makes policy\",\"Better to tell the truth\"]','Better to tell the truth','2026-04-27 13:18:05','2026-04-27 13:18:05'),(30,1,'text_only','Make hay while the sun shines',NULL,'text','[\"Take advantage of yourself\",\"Take advantage of opportunity\",\"Take advantage of sun\",\"Take advantage of hay\"]','Take advantage of opportunity','2026-04-27 13:18:05','2026-04-27 13:18:05'),(31,3,'text_only','Word is to Dictionary as Map is to ____',NULL,'text','[\"Globe\",\"Atlas\",\"Geography\",\"Earth\"]','Atlas','2026-04-27 13:18:05','2026-04-27 13:18:05'),(32,3,'text_only','Thread is to Needle as Book is to ____',NULL,'text','[\"Wood\",\"Rack\",\"Shelf\",\"Table\"]','Shelf','2026-04-27 13:18:05','2026-04-27 13:18:05'),(33,3,'text_only','Wood is to Carpenter as Clay is to ____',NULL,'text','[\"Potter\",\"Sculptor\",\"Architect\",\"Mason\"]','Potter','2026-04-27 13:18:05','2026-04-27 13:18:05'),(34,3,'text_only','Skeleton is to Body as Grammar is to ____',NULL,'text','[\"Sentence\",\"Language\",\"Education\",\"Meaning\"]','Language','2026-04-27 13:18:05','2026-04-27 13:18:05'),(35,3,'text_only','Flexible is to Rigid as Confident is to ____',NULL,'text','[\"Coward\",\"Indifferent\",\"Hesitant\",\"Pessimistic\"]','Hesitant','2026-04-27 13:18:05','2026-04-27 13:18:05'),(36,3,'text_only','Forecast is to Future as Regret is to ____',NULL,'text','[\"Present\",\"Past\",\"Mistake\",\"Memory\"]','Past','2026-04-27 13:18:05','2026-04-27 13:18:05'),(37,3,'text_only','Contestant is to Competition as Witness is to ____',NULL,'text','[\"Journey\",\"Trial\",\"Election\",\"Court\"]','Trial','2026-04-27 13:18:05','2026-04-27 13:18:05'),(38,3,'text_only','Innumerable is to Quantity as Invaluable is to ____',NULL,'text','[\"Size\",\"Surface\",\"Worth\",\"Volume\"]','Worth','2026-04-27 13:18:05','2026-04-27 13:18:05'),(39,3,'text_only','Ice is to Igloo as Straw is to ____',NULL,'text','[\"Hive\",\"Field\",\"Nest\",\"House\"]','Nest','2026-04-27 13:18:05','2026-04-27 13:18:05'),(40,3,'text_only','Train is to Station as Ship is to ____',NULL,'text','[\"Harbour\",\"Sail\",\"Mast\",\"Anchor\"]','Harbour','2026-04-27 13:18:05','2026-04-27 13:18:05'),(41,3,'text_only','Comb is to Teeth as Book is to ____',NULL,'text','[\"Page\",\"Word\",\"Letter\",\"Line\"]','Page','2026-04-27 13:18:05','2026-04-27 13:18:05'),(42,3,'text_only','Appreciation is to Reward as Repentance is to ____',NULL,'text','[\"Punishment\",\"Scold\",\"Knowledge\",\"Regret\"]','Punishment','2026-04-27 13:18:05','2026-04-27 13:18:05'),(43,3,'text_only','Insulator is to Wood as Conductor is to ____',NULL,'text','[\"Iron\",\"Cotton\",\"Plastic\",\"Copper\"]','Iron','2026-04-27 13:18:05','2026-04-27 13:18:05'),(44,3,'text_only','Breeze is to Cyclone as Rain is to ____',NULL,'text','[\"Earthquake\",\"Storm\",\"Drizzle\",\"Flood\"]','Storm','2026-04-27 13:18:05','2026-04-27 13:18:05'),(45,3,'text_only','Bridge is to River as Tunnel is to ____',NULL,'text','[\"Road\",\"Passage\",\"Mountain\",\"Travel\"]','Mountain','2026-04-27 13:18:05','2026-04-27 13:18:05'),(46,3,'text_only','Petrol is to Car as Water is to ____',NULL,'text','[\"Drink\",\"Boat\",\"Sailor\",\"River\"]','Boat','2026-04-27 13:18:05','2026-04-27 13:18:05'),(47,3,'text_only','Court is to Justice as School is to ____',NULL,'text','[\"Teacher\",\"Education\",\"Class\",\"Student\"]','Education','2026-04-27 13:18:05','2026-04-27 13:18:05'),(48,3,'text_only','President is to Country as Governor is to ____',NULL,'text','[\"State\",\"District\",\"Nation\",\"City\"]','State','2026-04-27 13:18:05','2026-04-27 13:18:05'),(49,3,'text_only','Spokes is to Wheel as Blade is to ____',NULL,'text','[\"Grass\",\"Fan\",\"Cut\",\"Shave\"]','Fan','2026-04-27 13:18:05','2026-04-27 13:18:05'),(50,3,'text_only','Thunder is to Storm as Smoke is to ____',NULL,'text','[\"Fire\",\"Cooking\",\"Danger\",\"Weather\"]','Fire','2026-04-27 13:18:05','2026-04-27 13:18:05'),(51,3,'text_only','Glove is to Hand as Sock is to ____',NULL,'text','[\"Feet\",\"Shoe\",\"Toes\",\"Leg\"]','Feet','2026-04-27 13:18:05','2026-04-27 13:18:05'),(52,3,'text_only','Sparrow is to Chirp as Duck is to ____',NULL,'text','[\"Quack\",\"Chatter\",\"Noise\",\"Call\"]','Quack','2026-04-27 13:18:05','2026-04-27 13:18:05'),(53,3,'text_only','Cub is to Lion as Lamb is to ____',NULL,'text','[\"Sheep\",\"Deer\",\"Kid\",\"Goat\"]','Sheep','2026-04-27 13:18:05','2026-04-27 13:18:05'),(54,3,'text_only','Fish is to Ocean as Elephant is to ____',NULL,'text','[\"Land\",\"Earth\",\"Forest\",\"Desert\"]','Land','2026-04-27 13:18:05','2026-04-27 13:18:05'),(55,3,'text_only','Border is to Country as Frame is to ____',NULL,'text','[\"Picture\",\"Colour\",\"Canvas\",\"Art\"]','Picture','2026-04-27 13:18:05','2026-04-27 13:18:05'),(56,3,'text_only','Carpenter is to Wood as Tailor is to ____',NULL,'text','[\"Cloth\",\"Sewing\",\"Thread\",\"Fabric\"]','Cloth','2026-04-27 13:18:05','2026-04-27 13:18:05'),(57,3,'text_only','Horse is to Stable as Dog is to ____',NULL,'text','[\"Kennel\",\"House\",\"Shed\",\"Cage\"]','Kennel','2026-04-27 13:18:05','2026-04-27 13:18:05'),(58,3,'text_only','Thin is to Thick as Silence is to ____',NULL,'text','[\"Noise\",\"Loud\",\"Sound\",\"Voice\"]','Noise','2026-04-27 13:18:05','2026-04-27 13:18:05'),(59,3,'text_only','Meteorology is to Weather as Cardiology is to ____',NULL,'text','[\"Heart\",\"Eyes\",\"Teeth\",\"Skin\"]','Heart','2026-04-27 13:18:05','2026-04-27 13:18:05'),(60,3,'text_only','Sponge is to Porous as Rubber is to ____',NULL,'text','[\"Elastic\",\"Solid\",\"Flexible\",\"Rigid\"]','Elastic','2026-04-27 13:18:05','2026-04-27 13:18:05'),(61,5,'text_only','√5.76 = ?',NULL,'text','[\"2.4\",\"3\",\"0.24\",\"4.2\"]','2.4','2026-04-27 13:18:05','2026-04-27 13:18:05'),(62,5,'text_only','If x : y = 2 : 5, what is x/y in percentage?',NULL,'text','[\"40%\",\"60%\",\"0.4%\",\"0.6%\"]','40%','2026-04-27 13:18:05','2026-04-27 13:18:05'),(63,5,'text_only','What is the next number in the sequence: 2400, 1200, 600, 300, ?',NULL,'text','[\"150\",\"100\",\"75\",\"50\"]','150','2026-04-27 13:18:05','2026-04-27 13:18:05'),(64,5,'text_only','∛216 = ?',NULL,'text','[\"6\",\"12\",\"18\",\"72\"]','6','2026-04-27 13:18:05','2026-04-27 13:18:05'),(65,5,'text_only','0.023 × 0.23 = ?',NULL,'text','[\"0.00529\",\"0.0529\",\"0.529\",\"5.29\"]','0.00529','2026-04-27 13:18:05','2026-04-27 13:18:05'),(66,5,'text_only','38 is 19% of what number?',NULL,'text','[\"100\",\"200\",\"300\",\"400\"]','200','2026-04-27 13:18:05','2026-04-27 13:18:05'),(67,5,'text_only','What is the next number: √100, 9, √64, 7, ?',NULL,'text','[\"5\",\"6\",\"4\",\"3\"]','5','2026-04-27 13:18:05','2026-04-27 13:18:05'),(68,5,'text_only','If x = 10, find 3x² - x',NULL,'text','[\"50\",\"200\",\"290\",\"300\"]','290','2026-04-27 13:18:05','2026-04-27 13:18:05'),(69,5,'text_only','710 × 80 rounded to nearest thousand = ?',NULL,'text','[\"50000\",\"55000\",\"57000\",\"60000\"]','57000','2026-04-27 13:18:05','2026-04-27 13:18:05'),(70,5,'text_only','Which number is divisible by 3?',NULL,'text','[\"766\",\"768\",\"796\",\"976\"]','768','2026-04-27 13:18:05','2026-04-27 13:18:05'),(71,5,'text_only','(3.1)² = ?',NULL,'text','[\"9.61\",\"9.31\",\"9.21\",\"9.71\"]','9.61','2026-04-27 13:18:05','2026-04-27 13:18:05'),(72,5,'text_only','Smallest number divisible by 2, 4, 7, 21',NULL,'text','[\"84\",\"42\",\"168\",\"76\"]','84','2026-04-27 13:18:05','2026-04-27 13:18:05'),(73,5,'text_only','(12² + 5² + 3³) = ?². Find ?',NULL,'text','[\"14\",\"16\",\"24\",\"26\"]','14','2026-04-27 13:18:05','2026-04-27 13:18:05'),(74,5,'text_only','Next number: 8, 27, 64, 125, ?',NULL,'text','[\"216\",\"196\",\"169\",\"225\"]','216','2026-04-27 13:18:05','2026-04-27 13:18:05'),(75,5,'text_only','6889 rounded to nearest whole number',NULL,'text','[\"28\",\"24\",\"20\",\"25\"]','83','2026-04-27 13:18:05','2026-04-27 13:18:05'),(76,5,'text_only','If a = (1/2)bh, b = 6, a = 14, find h',NULL,'text','[\"14\",\"7\\/3\",\"1\\/3\",\"6\"]','14/3','2026-04-27 13:18:05','2026-04-27 13:18:05'),(77,5,'text_only','Which fraction sum is greater than 1?',NULL,'text','[\"1\\/4 + 3\\/5\",\"2\\/8 + 3\\/8\",\"8\\/12 + 1\\/3\",\"5\\/4 + 1\\/8\"]','5/4 + 1/8','2026-04-27 13:18:05','2026-04-27 13:18:05'),(78,5,'text_only','Mixture of sugar (22, 25, 30 Rs/kg in ratio 1:2:3). Cost per kg?',NULL,'text','[\"24\",\"25\",\"27\",\"34\"]','27','2026-04-27 13:18:05','2026-04-27 13:18:05'),(79,5,'text_only','Father age is 11 times daughter. After 4 years becomes 6 times. Current age?',NULL,'text','[\"22\",\"33\",\"44\",\"63\"]','44','2026-04-27 13:18:05','2026-04-27 13:18:05'),(80,5,'text_only','999.99 - 99.99 + 9999 = ?',NULL,'text','[\"10899.99\",\"11899\",\"11899.99\",\"10899\"]','10899','2026-04-27 13:18:05','2026-04-27 13:18:05'),(81,5,'text_only','(0.5 × 0.625) ÷ 25 = ?',NULL,'text','[\"0.25\",\"0.0125\",\"0.125\",\"0.025\"]','0.0125','2026-04-27 13:18:05','2026-04-27 13:18:05'),(82,5,'text_only','Two numbers multiply to 56 and sum to 15',NULL,'text','[\"7 and 8\",\"9 and 6\",\"14 and 4\",\"5 and 10\"]','7 and 8','2026-04-27 13:18:05','2026-04-27 13:18:05'),(83,7,'text_only','Select the option identical to: 48219357',NULL,'text','[\"48219357\",\"48129357\",\"48219537\",\"48291357\"]','48219357','2026-04-27 13:18:05','2026-04-27 13:18:05'),(84,7,'text_only','Select the option identical to: PYDXZLQI',NULL,'text','[\"PYDZXLQI\",\"PYDXZQLI\",\"PYDXZLQI\",\"PYDXZIQL\"]','PYDXZLQI','2026-04-27 13:18:05','2026-04-27 13:18:05'),(85,7,'text_only','Select the option identical to: ZZZzZeEz',NULL,'text','[\"ZzZzZeEz\",\"ZZZZZeEz\",\"ZzZzZeEz\",\"ZZZzZeEz\"]','ZZZzZeEz','2026-04-27 13:18:05','2026-04-27 13:18:05'),(86,7,'text_only','Select the option identical to: vWtfMnlL',NULL,'text','[\"VWtfMnIL\",\"vWtfMnlL\",\"vWTfMnlL\",\"vWtfMNIL\"]','vWtfMnlL','2026-04-27 13:18:05','2026-04-27 13:18:05'),(87,7,'text_only','Select the option identical to: 7F7EFEE7',NULL,'text','[\"7F7EFEE7\",\"7f7EFEE7\",\"7F7fFEE7\",\"7F7EFeE7\"]','7F7EFEE7','2026-04-27 13:18:05','2026-04-27 13:18:05'),(88,7,'text_only','Select the option identical to: 29483148',NULL,'text','[\"29483184\",\"29481348\",\"29438148\",\"29483148\"]','29483148','2026-04-27 13:18:05','2026-04-27 13:18:05'),(89,7,'text_only','Select the option identical to: 46249051',NULL,'text','[\"46240951\",\"46249051\",\"46429051\",\"42649051\"]','46249051','2026-04-27 13:18:05','2026-04-27 13:18:05'),(90,7,'text_only','Select the option identical to: 14114411',NULL,'text','[\"14414111\",\"14411411\",\"14114411\",\"14114441\"]','14114411','2026-04-27 13:18:05','2026-04-27 13:18:05'),(91,7,'text_only','Select the option identical to: j9a99j9a',NULL,'text','[\"j9a9j99a\",\"j99a9j9a\",\"j9a99j9a\",\"ja999j9a\"]','j9a99j9a','2026-04-27 13:18:05','2026-04-27 13:18:05'),(92,7,'text_only','Select the option identical to: 2a22k2ak',NULL,'text','[\"2a22k2ak\",\"2a22ak2k\",\"2a22ka2k\",\"22ka22ak\"]','2a22k2ak','2026-04-27 13:18:05','2026-04-27 13:18:05'),(93,2,'image_sequence','Find the next figure in the sequence','[\"abstract\\/q1_1.png\",\"abstract\\/q1_2.png\",\"abstract\\/q1_3.png\",\"abstract\\/q1_4.png\"]','image','[\"abstract\\/q1_A.png\",\"abstract\\/q1_B.png\",\"abstract\\/q1_C.png\",\"abstract\\/q1_D.png\"]','abstract/q1_B.png','2026-04-27 13:18:05','2026-04-27 13:18:05'),(94,2,'image_sequence','Find the next figure in the sequence','[\"abstract\\/q2_1.png\",\"abstract\\/q2_2.png\",\"abstract\\/q2_3.png\",\"abstract\\/q2_4.png\"]','image','[\"abstract\\/q2_A.png\",\"abstract\\/q2_B.png\",\"abstract\\/q2_C.png\",\"abstract\\/q2_D.png\"]','abstract/q2_C.png','2026-04-27 13:18:05','2026-04-27 13:18:05'),(95,2,'image_sequence','Find the next figure in the sequence','[\"abstract\\/q3_1.png\",\"abstract\\/q3_2.png\",\"abstract\\/q3_3.png\",\"abstract\\/q3_4.png\"]','image','[\"abstract\\/q3_A.png\",\"abstract\\/q3_B.png\",\"abstract\\/q3_C.png\",\"abstract\\/q3_D.png\"]','abstract/q3_D.png','2026-04-27 13:18:05','2026-04-27 13:18:05'),(96,2,'image_sequence','Find the next figure in the sequence','[\"abstract\\/q4_1.png\",\"abstract\\/q4_2.png\",\"abstract\\/q4_3.png\",\"abstract\\/q4_4.png\"]','image','[\"abstract\\/q4_A.png\",\"abstract\\/q4_B.png\",\"abstract\\/q4_C.png\",\"abstract\\/q4_D.png\"]','abstract/q4_B.png','2026-04-27 13:18:05','2026-04-27 13:18:05'),(97,2,'image_sequence','Find the next figure in the sequence','[\"abstract\\/q5_1.png\",\"abstract\\/q5_2.png\",\"abstract\\/q5_3.png\",\"abstract\\/q5_4.png\"]','image','[\"abstract\\/q5_A.png\",\"abstract\\/q5_B.png\",\"abstract\\/q5_C.png\",\"abstract\\/q5_D.png\"]','abstract/q5_C.png','2026-04-27 13:18:05','2026-04-27 13:18:05'),(98,4,'text_only','A motorcycle, a car and a truck are moving with equal momentum. Which one has the greatest kinetic energy?','[\"mechanical\\/q1.png\"]','text','[\"Motorcycle\",\"Car\",\"Truck\",\"All have same kinetic energy\"]','Motorcycle','2026-04-27 13:18:05','2026-04-27 13:18:05'),(99,4,'text_only','The handles on doors A, B and C are placed in different positions as shown. Using the handle, which door would be closed by applying minimum force?','[\"mechanical\\/q2.png\"]','text','[\"Door A\",\"Door B\",\"Door C\",\"Same force in all\"]','Door C','2026-04-27 13:18:05','2026-04-27 13:18:05'),(100,4,'text_only','Three balls A, B and C of same mass are dropped together in vacuum from a height of 6 meters. Which ball would reach first on the floor?','[\"mechanical\\/q3.png\"]','text','[\"Ball A\",\"Ball B\",\"Ball C\",\"All the balls at the same time\"]','All the balls at the same time','2026-04-27 13:18:05','2026-04-27 13:18:05'),(101,4,'text_only','In which one of the given figures, the force required to cut the wire will be minimum if force is applied at X?','[\"mechanical\\/q4.png\"]','text','[\"Figure A\",\"Figure B\",\"Figure C\",\"Equal force in all cases\"]','Figure B','2026-04-27 13:18:05','2026-04-27 13:18:05'),(102,4,'text_only','Which of the given containers shows the heaviest object?','[\"mechanical\\/q5.png\"]','text','[\"Container A\",\"Container B\",\"Container C\",\"All objects have same weight\"]','Container B','2026-04-27 13:18:05','2026-04-27 13:18:05'),(103,6,'image_mcq','Which parts combine to form the given figure?','[\"spatial\\/q1_problem.png\"]','image','[\"spatial\\/q1_A.png\",\"spatial\\/q1_B.png\",\"spatial\\/q1_C.png\",\"spatial\\/q1_D.png\"]','spatial/q1_D.png','2026-04-27 13:18:05','2026-04-27 13:18:05'),(104,6,'image_mcq','Which parts combine to form the given figure?','[\"spatial\\/q2_problem.png\"]','image','[\"spatial\\/q2_A.png\",\"spatial\\/q2_B.png\",\"spatial\\/q2_C.png\",\"spatial\\/q2_D.png\"]','spatial/q2_B.png','2026-04-27 13:18:05','2026-04-27 13:18:05'),(105,6,'image_mcq','Which parts combine to form the given figure?','[\"spatial\\/q3_problem.png\"]','image','[\"spatial\\/q3_A.png\",\"spatial\\/q3_B.png\",\"spatial\\/q3_C.png\",\"spatial\\/q3_D.png\"]','spatial/q3_C.png','2026-04-27 13:18:05','2026-04-27 13:18:05'),(106,6,'image_mcq','Which parts combine to form the given figure?','[\"spatial\\/q4_problem.png\"]','image','[\"spatial\\/q4_A.png\",\"spatial\\/q4_B.png\",\"spatial\\/q4_C.png\",\"spatial\\/q4_D.png\"]','spatial/q4_D.png','2026-04-27 13:18:05','2026-04-27 13:18:05'),(107,6,'image_mcq','Which parts combine to form the given figure?','[\"spatial\\/q5_problem.png\"]','image','[\"spatial\\/q5_A.png\",\"spatial\\/q5_B.png\",\"spatial\\/q5_C.png\",\"spatial\\/q5_D.png\"]','spatial/q5_C.png','2026-04-27 13:18:05','2026-04-27 13:18:05');
/*!40000 ALTER TABLE `questions` ENABLE KEYS */;
UNLOCK TABLES;

--
-- Table structure for table `sessions`
--

DROP TABLE IF EXISTS `sessions`;
/*!40101 SET @saved_cs_client     = @@character_set_client */;
/*!50503 SET character_set_client = utf8mb4 */;
CREATE TABLE `sessions` (
  `id` varchar(255) NOT NULL,
  `user_id` bigint(20) unsigned DEFAULT NULL,
  `ip_address` varchar(45) DEFAULT NULL,
  `user_agent` text DEFAULT NULL,
  `payload` longtext NOT NULL,
  `last_activity` int(11) NOT NULL,
  PRIMARY KEY (`id`),
  KEY `sessions_user_id_index` (`user_id`),
  KEY `sessions_last_activity_index` (`last_activity`)
) ENGINE=InnoDB DEFAULT CHARSET=utf8mb4 COLLATE=utf8mb4_unicode_ci;
/*!40101 SET character_set_client = @saved_cs_client */;

--
-- Dumping data for table `sessions`
--

LOCK TABLES `sessions` WRITE;
/*!40000 ALTER TABLE `sessions` DISABLE KEYS */;
/*!40000 ALTER TABLE `sessions` ENABLE KEYS */;
UNLOCK TABLES;

--
-- Table structure for table `skill_courses`
--

DROP TABLE IF EXISTS `skill_courses`;
/*!40101 SET @saved_cs_client     = @@character_set_client */;
/*!50503 SET character_set_client = utf8mb4 */;
CREATE TABLE `skill_courses` (
  `id` bigint(20) unsigned NOT NULL AUTO_INCREMENT,
  `name` varchar(255) NOT NULL,
  `slug` varchar(255) NOT NULL,
  `field_id` bigint(20) unsigned NOT NULL,
  `category_title` varchar(255) NOT NULL,
  `description` text NOT NULL,
  `tools` varchar(255) NOT NULL,
  `duration` varchar(255) NOT NULL,
  `difficulty` varchar(255) NOT NULL,
  `salary_potential` varchar(255) NOT NULL,
  `job_roles` text NOT NULL,
  `created_at` timestamp NULL DEFAULT NULL,
  `updated_at` timestamp NULL DEFAULT NULL,
  PRIMARY KEY (`id`),
  UNIQUE KEY `skill_courses_slug_unique` (`slug`),
  KEY `skill_courses_field_id_foreign` (`field_id`),
  CONSTRAINT `skill_courses_field_id_foreign` FOREIGN KEY (`field_id`) REFERENCES `fields` (`id`) ON DELETE CASCADE
) ENGINE=InnoDB AUTO_INCREMENT=9 DEFAULT CHARSET=utf8mb4 COLLATE=utf8mb4_unicode_ci;
/*!40101 SET character_set_client = @saved_cs_client */;

--
-- Dumping data for table `skill_courses`
--

LOCK TABLES `skill_courses` WRITE;
/*!40000 ALTER TABLE `skill_courses` DISABLE KEYS */;
INSERT INTO `skill_courses` VALUES (1,'Web Development','web-development',7,'Programming & IT','Building websites and web apps','HTML, CSS, JS, React, PHP','4-6 Months','Intermediate','₹4L - ₹12L','Frontend, Backend, Fullstack Developer','2026-04-27 13:18:05','2026-04-27 13:18:05'),(2,'Python for Data Science','python-for-data-science',7,'Programming & IT','Analyzing data and building AI models','Python, Pandas, NumPy, Scikit-learn','6 Months','Intermediate','₹5L - ₹15L','Data Analyst, ML Engineer','2026-04-27 13:18:05','2026-04-27 13:18:05'),(3,'Graphic Design','graphic-design',7,'Design & Creative','Visual communication and branding','Photoshop, Illustrator, Canva','3 Months','Beginner','₹3L - ₹8L','UI Designer, Brand Identity Artist','2026-04-27 13:18:05','2026-04-27 13:18:05'),(4,'Video Editing','video-editing',7,'Design & Creative','Creating and polishing video content','Premiere Pro, After Effects','3-4 Months','Intermediate','₹4L - ₹10L','Video Editor, Motion Graphics Designer','2026-04-27 13:18:05','2026-04-27 13:18:05'),(5,'Tally & GST','tally-gst',7,'Business & Finance','Modern accounting and taxation','Tally Prime, Excel, GST Portal','2 Months','Beginner','₹2.5L - ₹6L','Accountant, GST Consultant','2026-04-27 13:18:05','2026-04-27 13:18:05'),(6,'Stock Market Trading','stock-market-trading',7,'Business & Finance','Technical analysis and investment','TradingView, Zerodha','3 Months','Advanced','Profit-based','Portfolio Manager, Trader','2026-04-27 13:18:05','2026-04-27 13:18:05'),(7,'Social Media Marketing','social-media-marketing',7,'Digital Marketing','Growing brands on FB, IG, LinkedIn','Meta Ads, Buffer, Analytics','3 Months','Beginner','₹3L - ₹9L','SMM Specialist, Content Planner','2026-04-27 13:18:05','2026-04-27 13:18:05'),(8,'SEO Specialist','seo-specialist',7,'Digital Marketing','Ranking websites on Google','Ahrefs, Semrush, Console','4 Months','Intermediate','₹4L - ₹10L','SEO Strategist, Web Analyst','2026-04-27 13:18:05','2026-04-27 13:18:05');
/*!40000 ALTER TABLE `skill_courses` ENABLE KEYS */;
UNLOCK TABLES;

--
-- Table structure for table `sport_careers`
--

DROP TABLE IF EXISTS `sport_careers`;
/*!40101 SET @saved_cs_client     = @@character_set_client */;
/*!50503 SET character_set_client = utf8mb4 */;
CREATE TABLE `sport_careers` (
  `id` bigint(20) unsigned NOT NULL AUTO_INCREMENT,
  `name` varchar(255) NOT NULL,
  `icon` varchar(255) NOT NULL,
  `description` text NOT NULL,
  `created_at` timestamp NULL DEFAULT NULL,
  `updated_at` timestamp NULL DEFAULT NULL,
  PRIMARY KEY (`id`)
) ENGINE=InnoDB AUTO_INCREMENT=7 DEFAULT CHARSET=utf8mb4 COLLATE=utf8mb4_unicode_ci;
/*!40101 SET character_set_client = @saved_cs_client */;

--
-- Dumping data for table `sport_careers`
--

LOCK TABLES `sport_careers` WRITE;
/*!40000 ALTER TABLE `sport_careers` DISABLE KEYS */;
INSERT INTO `sport_careers` VALUES (1,'Cricket','fa-baseball-bat-ball','The most popular sport in India with vast career scope in IPL and National teams.','2026-04-27 13:18:05','2026-04-27 13:18:05'),(2,'Football','fa-futbol','Rapidly growing with ISL and local leagues, offering paths for players and coaches.','2026-04-27 13:18:05','2026-04-27 13:18:05'),(3,'Badminton','fa-shuttlecock','Highly competitive with strong international presence from India.','2026-04-27 13:18:05','2026-04-27 13:18:05'),(4,'Hockey','fa-hockey-puck','Our national pride with dedicated academies across the country.','2026-04-27 13:18:05','2026-04-27 13:18:05'),(5,'Athletics','fa-person-running','Focus on Track & Field, Sprinting, and Olympics-based training.','2026-04-27 13:18:05','2026-04-27 13:18:05'),(6,'Martial Arts','fa-user-ninja','Self-defense, Mixed Martial Arts (MMA), and Karate-based careers.','2026-04-27 13:18:05','2026-04-27 13:18:05');
/*!40000 ALTER TABLE `sport_careers` ENABLE KEYS */;
UNLOCK TABLES;

--
-- Table structure for table `subjects`
--

DROP TABLE IF EXISTS `subjects`;
/*!40101 SET @saved_cs_client     = @@character_set_client */;
/*!50503 SET character_set_client = utf8mb4 */;
CREATE TABLE `subjects` (
  `id` bigint(20) unsigned NOT NULL AUTO_INCREMENT,
  `name` varchar(255) NOT NULL,
  `slug` varchar(255) NOT NULL,
  `created_at` timestamp NULL DEFAULT NULL,
  `updated_at` timestamp NULL DEFAULT NULL,
  PRIMARY KEY (`id`),
  UNIQUE KEY `subjects_slug_unique` (`slug`)
) ENGINE=InnoDB AUTO_INCREMENT=31 DEFAULT CHARSET=utf8mb4 COLLATE=utf8mb4_unicode_ci;
/*!40101 SET character_set_client = @saved_cs_client */;

--
-- Dumping data for table `subjects`
--

LOCK TABLES `subjects` WRITE;
/*!40000 ALTER TABLE `subjects` DISABLE KEYS */;
INSERT INTO `subjects` VALUES (1,'Mathematics','mathematics','2026-04-27 13:18:04','2026-04-27 13:18:04'),(2,'Physics','physics','2026-04-27 13:18:04','2026-04-27 13:18:04'),(3,'Chemistry','chemistry','2026-04-27 13:18:04','2026-04-27 13:18:04'),(4,'Biology','biology','2026-04-27 13:18:04','2026-04-27 13:18:04'),(5,'Computer Science','computer-science','2026-04-27 13:18:04','2026-04-27 13:18:04'),(6,'English','english','2026-04-27 13:18:04','2026-04-27 13:18:04'),(7,'Hindi','hindi','2026-04-27 13:18:04','2026-04-27 13:18:04'),(8,'History','history','2026-04-27 13:18:04','2026-04-27 13:18:04'),(9,'Geography','geography','2026-04-27 13:18:04','2026-04-27 13:18:04'),(10,'Economics','economics','2026-04-27 13:18:04','2026-04-27 13:18:04'),(11,'Accountancy','accountancy','2026-04-27 13:18:04','2026-04-27 13:18:04'),(12,'Business Studies','business-studies','2026-04-27 13:18:04','2026-04-27 13:18:04'),(13,'Political Science','political-science','2026-04-27 13:18:04','2026-04-27 13:18:04'),(14,'Sociology','sociology','2026-04-27 13:18:04','2026-04-27 13:18:04'),(15,'Psychology','psychology','2026-04-27 13:18:04','2026-04-27 13:18:04'),(16,'Fine Arts','fine-arts','2026-04-27 13:18:04','2026-04-27 13:18:04'),(17,'Physical Education','physical-education','2026-04-27 13:18:04','2026-04-27 13:18:04'),(18,'Agriculture','agriculture','2026-04-27 13:18:04','2026-04-27 13:18:04'),(19,'Home Science','home-science','2026-04-27 13:18:04','2026-04-27 13:18:04'),(20,'Environmental Science','environmental-science','2026-04-27 13:18:04','2026-04-27 13:18:04'),(21,'Statistics','statistics','2026-04-27 13:18:04','2026-04-27 13:18:04'),(22,'Electronics','electronics','2026-04-27 13:18:04','2026-04-27 13:18:04'),(23,'Drawing','drawing','2026-04-27 13:18:04','2026-04-27 13:18:04'),(24,'Music','music','2026-04-27 13:18:04','2026-04-27 13:18:04'),(25,'Yoga','yoga','2026-04-27 13:18:04','2026-04-27 13:18:04'),(26,'Biotechnology','biotechnology','2026-04-27 13:18:04','2026-04-27 13:18:04'),(27,'Legal Studies','legal-studies','2026-04-27 13:18:04','2026-04-27 13:18:04'),(28,'Entrepreneurship','entrepreneurship','2026-04-27 13:18:04','2026-04-27 13:18:04'),(29,'Mass Media','mass-media','2026-04-27 13:18:04','2026-04-27 13:18:04'),(30,'Information Technology','information-technology','2026-04-27 13:18:04','2026-04-27 13:18:04');
/*!40000 ALTER TABLE `subjects` ENABLE KEYS */;
UNLOCK TABLES;

--
-- Table structure for table `test_sessions`
--

DROP TABLE IF EXISTS `test_sessions`;
/*!40101 SET @saved_cs_client     = @@character_set_client */;
/*!50503 SET character_set_client = utf8mb4 */;
CREATE TABLE `test_sessions` (
  `id` bigint(20) unsigned NOT NULL AUTO_INCREMENT,
  `uuid` char(36) NOT NULL,
  `user_inputs` longtext CHARACTER SET utf8mb4 COLLATE utf8mb4_bin DEFAULT NULL CHECK (json_valid(`user_inputs`)),
  `aptitude_scores` longtext CHARACTER SET utf8mb4 COLLATE utf8mb4_bin DEFAULT NULL CHECK (json_valid(`aptitude_scores`)),
  `recommended_careers` longtext CHARACTER SET utf8mb4 COLLATE utf8mb4_bin DEFAULT NULL CHECK (json_valid(`recommended_careers`)),
  `created_at` timestamp NULL DEFAULT NULL,
  `updated_at` timestamp NULL DEFAULT NULL,
  `recommended_fields` longtext CHARACTER SET utf8mb4 COLLATE utf8mb4_bin DEFAULT NULL CHECK (json_valid(`recommended_fields`)),
  PRIMARY KEY (`id`),
  UNIQUE KEY `test_sessions_uuid_unique` (`uuid`)
) ENGINE=InnoDB DEFAULT CHARSET=utf8mb4 COLLATE=utf8mb4_unicode_ci;
/*!40101 SET character_set_client = @saved_cs_client */;

--
-- Dumping data for table `test_sessions`
--

LOCK TABLES `test_sessions` WRITE;
/*!40000 ALTER TABLE `test_sessions` DISABLE KEYS */;
/*!40000 ALTER TABLE `test_sessions` ENABLE KEYS */;
UNLOCK TABLES;

--
-- Table structure for table `traditional_careers`
--

DROP TABLE IF EXISTS `traditional_careers`;
/*!40101 SET @saved_cs_client     = @@character_set_client */;
/*!50503 SET character_set_client = utf8mb4 */;
CREATE TABLE `traditional_careers` (
  `id` bigint(20) unsigned NOT NULL AUTO_INCREMENT,
  `category` varchar(255) NOT NULL,
  `icon` varchar(255) NOT NULL,
  `name` varchar(255) NOT NULL,
  `education` varchar(255) NOT NULL,
  `exam` varchar(255) NOT NULL,
  `duration` varchar(255) NOT NULL,
  `salary` varchar(255) NOT NULL,
  `stability` varchar(255) NOT NULL,
  `created_at` timestamp NULL DEFAULT NULL,
  `updated_at` timestamp NULL DEFAULT NULL,
  PRIMARY KEY (`id`)
) ENGINE=InnoDB AUTO_INCREMENT=10 DEFAULT CHARSET=utf8mb4 COLLATE=utf8mb4_unicode_ci;
/*!40101 SET character_set_client = @saved_cs_client */;

--
-- Dumping data for table `traditional_careers`
--

LOCK TABLES `traditional_careers` WRITE;
/*!40000 ALTER TABLE `traditional_careers` DISABLE KEYS */;
INSERT INTO `traditional_careers` VALUES (1,'Engineering & Tech','fa-microchip','Civil/Mech/Comp Engineering','B.E. / B.Tech','JEE Main/Adv, MHT-CET','4 Years','₹4L - ₹25L+','High','2026-04-27 13:18:05','2026-04-27 13:18:05'),(2,'Medical Sciences','fa-user-doctor','Doctor (MBBS)','MBBS','NEET UG','5.5 Years','₹8L - ₹30L+','Very High','2026-04-27 13:18:05','2026-04-27 13:18:05'),(3,'Medical Sciences','fa-user-doctor','Dentistry / Nursing','BDS / B.Sc Nursing','NEET','4 Years','₹3L - ₹12L','High','2026-04-27 13:18:05','2026-04-27 13:18:05'),(4,'Commerce & Finance','fa-money-bill-trend-up','Chartered Accountant (CA)','CA Foundation/Inter/Final','ICAI Exams','5 Years','₹7L - ₹20L+','Very High','2026-04-27 13:18:05','2026-04-27 13:18:05'),(5,'Commerce & Finance','fa-money-bill-trend-up','Banking / IBPS','Any Graduate','IBPS PO/Clerk, SBI','1 Year Prep','₹4L - ₹10L','Very High','2026-04-27 13:18:05','2026-04-27 13:18:05'),(6,'Government & Defence','fa-shield-halved','Civil Services (IAS/IPS)','Any Graduate','UPSC / MPSC','1-3 Years Prep','₹7L - ₹15L','Absolute','2026-04-27 13:18:05','2026-04-27 13:18:05'),(7,'Government & Defence','fa-shield-halved','Military Officer','NDA / CDS','NDA, CDS Exams','3-4 Years TRG','₹8L - ₹18L','Absolute','2026-04-27 13:18:05','2026-04-27 13:18:05'),(8,'Teaching & Law','fa-graduation-cap','Legal Professional','LLB / Integrated LLB','CLAT, MH-CET Law','3-5 Years','₹5L - ₹30L','Medium-High','2026-04-27 13:18:05','2026-04-27 13:18:05'),(9,'Teaching & Law','fa-graduation-cap','Professor / Teacher','B.Ed / NET / SET','TET, NET','2-4 Years','₹3L - ₹12L','High','2026-04-27 13:18:05','2026-04-27 13:18:05');
/*!40000 ALTER TABLE `traditional_careers` ENABLE KEYS */;
UNLOCK TABLES;

--
-- Table structure for table `users`
--

DROP TABLE IF EXISTS `users`;
/*!40101 SET @saved_cs_client     = @@character_set_client */;
/*!50503 SET character_set_client = utf8mb4 */;
CREATE TABLE `users` (
  `id` bigint(20) unsigned NOT NULL AUTO_INCREMENT,
  `name` varchar(255) NOT NULL,
  `email` varchar(255) NOT NULL,
  `email_verified_at` timestamp NULL DEFAULT NULL,
  `password` varchar(255) NOT NULL,
  `remember_token` varchar(100) DEFAULT NULL,
  `created_at` timestamp NULL DEFAULT NULL,
  `updated_at` timestamp NULL DEFAULT NULL,
  PRIMARY KEY (`id`),
  UNIQUE KEY `users_email_unique` (`email`)
) ENGINE=InnoDB AUTO_INCREMENT=2 DEFAULT CHARSET=utf8mb4 COLLATE=utf8mb4_unicode_ci;
/*!40101 SET character_set_client = @saved_cs_client */;

--
-- Dumping data for table `users`
--

LOCK TABLES `users` WRITE;
/*!40000 ALTER TABLE `users` DISABLE KEYS */;
INSERT INTO `users` VALUES (1,'Test User','test@example.com',NULL,'$2y$12$w7w5nMRvAJmqjLgWVsJXv.6PWhndo7nCory86H67mJUO0ewvGI6k.',NULL,'2026-04-27 13:18:04','2026-04-27 13:18:04');
/*!40000 ALTER TABLE `users` ENABLE KEYS */;
UNLOCK TABLES;
/*!40103 SET TIME_ZONE=@OLD_TIME_ZONE */;

/*!40101 SET SQL_MODE=@OLD_SQL_MODE */;
/*!40014 SET FOREIGN_KEY_CHECKS=@OLD_FOREIGN_KEY_CHECKS */;
/*!40014 SET UNIQUE_CHECKS=@OLD_UNIQUE_CHECKS */;
/*!40101 SET CHARACTER_SET_CLIENT=@OLD_CHARACTER_SET_CLIENT */;
/*!40101 SET CHARACTER_SET_RESULTS=@OLD_CHARACTER_SET_RESULTS */;
/*!40101 SET COLLATION_CONNECTION=@OLD_COLLATION_CONNECTION */;
/*!40111 SET SQL_NOTES=@OLD_SQL_NOTES */;

-- Dump completed on 2026-04-28  0:22:20
